2026-07-19 10:44:31,348 - main_pipeline - INFO - =========================================
2026-07-19 10:44:31,348 - main_pipeline - INFO - Starting Customer Churn ML Pipeline
2026-07-19 10:44:31,349 - main_pipeline - INFO - =========================================
2026-07-19 10:44:31,349 - main_pipeline - INFO - Step 1: Loading raw data from data/WA_Fn-UseC_-Telco-Customer-Churn.csv...
2026-07-19 10:44:31,375 - main_pipeline - INFO - Step 2: Cleaning raw dataset...
2026-07-19 10:44:31,381 - main_pipeline - INFO - Step 3: Generating EDA plots...
2026-07-19 10:44:31,382 - generate_eda - INFO - Loading data for EDA from data/WA_Fn-UseC_-Telco-Customer-Churn.csv...
2026-07-19 10:44:31,411 - generate_eda - INFO - EDA plots will be saved to outputs/plots/
2026-07-19 10:44:33,892 - generate_eda - INFO - All 13 EDA plots successfully generated and saved.
2026-07-19 10:44:33,894 - main_pipeline - INFO - Step 3b: Running formal hypothesis significance tests...
2026-07-19 10:44:33,917 - main_pipeline - INFO - Hypothesis test [fiber_vs_dsl_churn]: {'group_col': 'InternetService', 'chi2_statistic': 328.26345137397004, 'dof': 1, 'p_value': 2.2962170975696955e-73, 'churn_rates': {'DSL': 0.1895910780669145, 'Fiber optic': 0.4189276485788114}, 'significant': True}
2026-07-19 10:44:33,918 - main_pipeline - INFO - Hypothesis test [partner_vs_churn]: {'group_col': 'Partner', 'chi2_statistic': 158.7333820309922, 'dof': 1, 'p_value': 2.1399113440759935e-36, 'churn_rates': {'No': 0.32957978577313923, 'Yes': 0.1966490299823633}, 'significant': True}
2026-07-19 10:44:33,918 - main_pipeline - INFO - Hypothesis test [monthly_charges_vs_churn]: {'numeric_col': 'MonthlyCharges', 't_statistic': 18.407526676414673, 'p_value': 8.592449331547065e-73, 'mean_churn': 74.44133226324237, 'mean_no_churn': 61.26512369540008, 'significant': True}
2026-07-19 10:44:33,918 - main_pipeline - INFO - Step 4: Creating engineered features...
2026-07-19 10:44:33,927 - main_pipeline - INFO - Step 5: Performing stratified Train-Test Split...
2026-07-19 10:44:33,934 - main_pipeline - INFO - Step 6: Preprocessing features (scaling & encoding)...
2026-07-19 10:44:33,967 - main_pipeline - INFO - Step 7: Training baseline models (LR, RF, XGB)...
2026-07-19 10:44:33,968 - train - INFO - Initializing baseline models...
2026-07-19 10:44:33,968 - train - INFO - Class counts in train - Negatives: 4139, Positives: 1495
2026-07-19 10:44:33,968 - train - INFO - Computed scale_pos_weight for XGBoost: 2.769
2026-07-19 10:44:33,968 - train - INFO - Fitting Logistic Regression baseline...
2026-07-19 10:44:34,001 - train - INFO - Fitting Random Forest baseline...
2026-07-19 10:44:34,530 - train - INFO - Fitting XGBoost baseline...
2026-07-19 10:44:34,645 - main_pipeline - INFO - Step 8: Evaluating baseline models...
2026-07-19 10:44:38,524 - main_pipeline - INFO - Step 9: Tuning Random Forest & XGBoost via GridSearchCV...
2026-07-19 10:44:38,524 - train - INFO - Starting hyperparameter tuning...
2026-07-19 10:44:38,525 - train - INFO - Tuning Random Forest via 5-Fold GridSearchCV...
2026-07-19 10:45:09,726 - train - INFO - Random Forest Best Params: {'max_depth': 8, 'min_samples_split': 5, 'n_estimators': 200}
2026-07-19 10:45:09,726 - train - INFO - Random Forest Best CV ROC-AUC: 0.8440
2026-07-19 10:45:09,726 - train - INFO - Tuning XGBoost via 5-Fold GridSearchCV...
2026-07-19 10:45:14,034 - train - INFO - XGBoost Best Params: {'learning_rate': 0.05, 'max_depth': 3, 'n_estimators': 100}
2026-07-19 10:45:14,034 - train - INFO - XGBoost Best CV ROC-AUC: 0.8474
2026-07-19 10:45:14,034 - main_pipeline - INFO - Step 10: Evaluating tuned models...
2026-07-19 10:45:18,399 - main_pipeline - INFO - Step 10b: Computing naive majority-class baseline...
2026-07-19 10:45:18,410 - main_pipeline - INFO - Step 11: Compiling comparison metrics report...
2026-07-19 10:45:18,416 - main_pipeline - INFO - 
                               Accuracy  Precision  Recall  F1_Score  ROC_AUC  CV_Accuracy  CV_ROC_AUC
Tuned XGBoost                    0.7410     0.5075  0.8102    0.6241   0.8442       0.7483      0.8474
Tuned Random Forest              0.7551     0.5266  0.7674    0.6246   0.8423       0.7664      0.8440
Logistic Regression              0.7388     0.5052  0.7834    0.6143   0.8417       0.7515      0.8445
Random Forest                    0.7871     0.6233  0.5000    0.5549   0.8243       0.7888      0.8239
XGBoost                          0.7580     0.5350  0.6738    0.5964   0.8220       0.7622      0.8190
Naive Majority-Class Baseline    0.7346     0.0000  0.0000    0.0000   0.5000          NaN         NaN
2026-07-19 10:45:18,416 - main_pipeline - INFO - Step 12: Selected best model: Tuned XGBoost
2026-07-19 10:45:18,420 - main_pipeline - INFO - Saved best model and preprocessing pipeline to models/
2026-07-19 10:45:18,420 - main_pipeline - INFO - Step 13: Running SHAP explainability on best model...
2026-07-19 10:45:19,700 - main_pipeline - INFO - SHAP plots saved to outputs/plots/
2026-07-19 10:45:19,700 - main_pipeline - INFO - Step 13b: Comparing feature importance across RF, XGBoost, and SHAP...
2026-07-19 10:45:19,700 - compare_feature_importance - INFO - Reloading data and re-fitting tuned RF/XGBoost for importance comparison...
2026-07-19 10:45:19,775 - train - INFO - Starting hyperparameter tuning...
2026-07-19 10:45:19,776 - train - INFO - Tuning Random Forest via 5-Fold GridSearchCV...
2026-07-19 10:45:51,077 - train - INFO - Random Forest Best Params: {'max_depth': 8, 'min_samples_split': 5, 'n_estimators': 200}
2026-07-19 10:45:51,077 - train - INFO - Random Forest Best CV ROC-AUC: 0.8440
2026-07-19 10:45:51,077 - train - INFO - Tuning XGBoost via 5-Fold GridSearchCV...
2026-07-19 10:45:55,618 - train - INFO - XGBoost Best Params: {'learning_rate': 0.05, 'max_depth': 3, 'n_estimators': 100}
2026-07-19 10:45:55,618 - train - INFO - XGBoost Best CV ROC-AUC: 0.8474
2026-07-19 10:45:55,660 - compare_feature_importance - INFO - Saved feature_importance_comparison.csv
2026-07-19 10:45:55,902 - compare_feature_importance - INFO - Saved feature_importance_comparison.png
2026-07-19 10:45:55,905 - compare_feature_importance - INFO - Rank correlation RF vs XGB: 0.359
2026-07-19 10:45:55,905 - compare_feature_importance - INFO - Rank correlation XGB vs SHAP: 0.967
2026-07-19 10:45:55,905 - compare_feature_importance - INFO - Rank correlation RF vs SHAP: 0.488
2026-07-19 10:45:55,913 - main_pipeline - INFO - Feature importance comparison saved to outputs/metrics/ and outputs/plots/
2026-07-19 10:45:55,913 - main_pipeline - INFO - =========================================
2026-07-19 10:45:55,913 - main_pipeline - INFO - Customer Churn ML Pipeline Completed Successfully
2026-07-19 10:45:55,913 - main_pipeline - INFO - =========================================
2026-07-19 17:13:39,356 - main_pipeline - INFO - =========================================
2026-07-19 17:13:39,360 - main_pipeline - INFO - Starting Customer Churn ML Pipeline
2026-07-19 17:13:39,360 - main_pipeline - INFO - =========================================
2026-07-19 17:13:39,365 - main_pipeline - INFO - Step 1: Loading raw data from data/WA_Fn-UseC_-Telco-Customer-Churn.csv...
2026-07-19 17:13:39,365 - preprocessing - INFO - Loading raw data from data/WA_Fn-UseC_-Telco-Customer-Churn.csv...
2026-07-19 17:13:39,420 - preprocessing - INFO - Successfully loaded data. Shape: (7043, 21)
2026-07-19 17:13:39,420 - main_pipeline - INFO - Step 2: Cleaning raw dataset...
2026-07-19 17:13:39,420 - preprocessing - INFO - Cleaning raw dataset...
2026-07-19 17:13:39,441 - preprocessing - INFO - Data cleaning completed successfully.
2026-07-19 17:13:39,441 - main_pipeline - INFO - Step 3: Generating EDA plots...
2026-07-19 17:13:39,441 - generate_eda - INFO - Loading data for EDA from data/WA_Fn-UseC_-Telco-Customer-Churn.csv...
2026-07-19 17:13:39,442 - preprocessing - INFO - Loading raw data from data/WA_Fn-UseC_-Telco-Customer-Churn.csv...
2026-07-19 17:13:39,488 - preprocessing - INFO - Successfully loaded data. Shape: (7043, 21)
2026-07-19 17:13:39,489 - preprocessing - INFO - Cleaning raw dataset...
2026-07-19 17:13:39,503 - preprocessing - INFO - Data cleaning completed successfully.
2026-07-19 17:13:39,504 - generate_eda - INFO - EDA plots will be saved to outputs/plots/
2026-07-19 17:13:44,361 - generate_eda - INFO - All 13 EDA plots successfully generated and saved.
2026-07-19 17:13:44,363 - main_pipeline - INFO - Step 3b: Running formal hypothesis significance tests...
2026-07-19 17:13:44,381 - main_pipeline - INFO - Hypothesis test [fiber_vs_dsl_churn]: {'group_col': 'InternetService', 'chi2_statistic': 328.26345137397004, 'dof': 1, 'p_value': 2.2962170975696955e-73, 'churn_rates': {'DSL': 0.1895910780669145, 'Fiber optic': 0.4189276485788114}, 'significant': True}
2026-07-19 17:13:44,382 - main_pipeline - INFO - Hypothesis test [partner_vs_churn]: {'group_col': 'Partner', 'chi2_statistic': 158.7333820309922, 'dof': 1, 'p_value': 2.1399113440759935e-36, 'churn_rates': {'No': 0.32957978577313923, 'Yes': 0.1966490299823633}, 'significant': True}
2026-07-19 17:13:44,382 - main_pipeline - INFO - Hypothesis test [monthly_charges_vs_churn]: {'numeric_col': 'MonthlyCharges', 't_statistic': 18.407526676414673, 'p_value': 8.59244933154705e-73, 'mean_churn': 74.44133226324237, 'mean_no_churn': 61.26512369540008, 'significant': True}
2026-07-19 17:13:44,382 - main_pipeline - INFO - Step 4: Creating engineered features...
2026-07-19 17:13:44,398 - main_pipeline - INFO - Step 5: Performing stratified Train-Test Split...
2026-07-19 17:13:44,398 - preprocessing - INFO - Splitting data with test_size=0.2, stratifying on 'Churn'...
2026-07-19 17:13:44,405 - preprocessing - INFO - Split complete. Train shape: (5634, 34), Test shape: (1409, 34)
2026-07-19 17:13:44,405 - main_pipeline - INFO - Step 6: Preprocessing features (scaling & encoding)...
2026-07-19 17:13:44,405 - preprocessing - INFO - Initializing ColumnTransformer preprocessing pipeline...
2026-07-19 17:13:44,405 - preprocessing - INFO - Fitting and transforming training features...
2026-07-19 17:13:44,428 - preprocessing - INFO - Transforming testing features...
2026-07-19 17:13:44,438 - preprocessing - INFO - Preprocessing completed. Encoded features dimensionality: 45
2026-07-19 17:13:44,438 - main_pipeline - INFO - Step 7: Training baseline models (LR, RF, XGB)...
2026-07-19 17:13:44,438 - train - INFO - Initializing baseline models training process...
2026-07-19 17:13:44,438 - train - INFO - Class counts in train - Negatives: 4139, Positives: 1495
2026-07-19 17:13:44,438 - train - INFO - Computed scale_pos_weight for XGBoost: 2.769
2026-07-19 17:13:44,438 - train - INFO - Fitting Logistic Regression baseline model...
2026-07-19 17:13:44,484 - train - INFO - Fitting Random Forest baseline model...
2026-07-19 17:13:45,084 - train - INFO - Fitting XGBoost baseline model...
2026-07-19 17:13:47,222 - train - INFO - Baseline model training completed successfully.
2026-07-19 17:13:47,222 - main_pipeline - INFO - Step 8: Evaluating baseline models...
2026-07-19 17:13:47,704 - experiment_tracker - INFO - Logging experiment run 'Baseline Logistic Regression' to local JSON registry...
2026-07-19 17:13:47,706 - experiment_tracker - INFO - Local logging complete. Registry has 1 total entries.
2026-07-19 17:13:47,706 - experiment_tracker - INFO - Initializing MLflow experiment logging...
2026-07-19 17:13:48,065 - experiment_tracker - WARNING - MLflow experiment logging skipped/failed: name 'np' is not defined. (Local logs preserved.)
2026-07-19 17:13:50,918 - experiment_tracker - INFO - Logging experiment run 'Baseline Random Forest' to local JSON registry...
2026-07-19 17:13:50,948 - experiment_tracker - INFO - Local logging complete. Registry has 2 total entries.
2026-07-19 17:13:50,948 - experiment_tracker - INFO - Initializing MLflow experiment logging...
2026-07-19 17:13:51,066 - experiment_tracker - WARNING - MLflow experiment logging skipped/failed: name 'np' is not defined. (Local logs preserved.)
2026-07-19 17:13:52,059 - experiment_tracker - INFO - Logging experiment run 'Baseline XGBoost' to local JSON registry...
2026-07-19 17:13:52,073 - experiment_tracker - INFO - Local logging complete. Registry has 3 total entries.
2026-07-19 17:13:52,074 - experiment_tracker - INFO - Initializing MLflow experiment logging...
2026-07-19 17:13:52,165 - experiment_tracker - WARNING - MLflow experiment logging skipped/failed: name 'np' is not defined. (Local logs preserved.)
2026-07-19 17:13:52,165 - main_pipeline - INFO - Step 9: Tuning Random Forest & XGBoost via GridSearchCV...
2026-07-19 17:13:52,165 - train - INFO - Starting hyperparameter tuning process...
2026-07-19 17:13:52,166 - train - INFO - Tuning Random Forest via 5-Fold GridSearchCV using grid: {'n_estimators': [100, 200], 'max_depth': [5, 8, None], 'min_samples_split': [2, 5]}
2026-07-19 17:14:02,154 - train - INFO - Random Forest Tuning Complete. Best Params: {'max_depth': 5, 'min_samples_split': 2, 'n_estimators': 200}
2026-07-19 17:14:02,155 - train - INFO - Random Forest Best CV ROC-AUC: 0.8423
2026-07-19 17:14:02,155 - train - INFO - Tuning XGBoost via 5-Fold GridSearchCV using grid: {'n_estimators': [100, 200], 'max_depth': [3, 5], 'learning_rate': [0.05, 0.1]}
2026-07-19 17:14:05,574 - train - INFO - XGBoost Tuning Complete. Best Params: {'learning_rate': 0.05, 'max_depth': 3, 'n_estimators': 100}
2026-07-19 17:14:05,574 - train - INFO - XGBoost Best CV ROC-AUC: 0.8438
2026-07-19 17:14:05,574 - train - INFO - Hyperparameter tuning process completed successfully.
2026-07-19 17:14:05,574 - main_pipeline - INFO - Step 10: Evaluating tuned models...
2026-07-19 17:14:08,484 - experiment_tracker - INFO - Logging experiment run 'Tuned Random Forest' to local JSON registry...
2026-07-19 17:14:08,514 - experiment_tracker - INFO - Local logging complete. Registry has 4 total entries.
2026-07-19 17:14:08,514 - experiment_tracker - INFO - Initializing MLflow experiment logging...
2026-07-19 17:14:08,663 - experiment_tracker - WARNING - MLflow experiment logging skipped/failed: name 'np' is not defined. (Local logs preserved.)
2026-07-19 17:14:09,328 - experiment_tracker - INFO - Logging experiment run 'Tuned XGBoost' to local JSON registry...
2026-07-19 17:14:09,341 - experiment_tracker - INFO - Local logging complete. Registry has 5 total entries.
2026-07-19 17:14:09,341 - experiment_tracker - INFO - Initializing MLflow experiment logging...
2026-07-19 17:14:09,405 - experiment_tracker - WARNING - MLflow experiment logging skipped/failed: name 'np' is not defined. (Local logs preserved.)
2026-07-19 17:14:09,405 - main_pipeline - INFO - Step 10b: Computing naive majority-class baseline...
2026-07-19 17:14:09,412 - main_pipeline - INFO - Step 11: Compiling comparison metrics report...
2026-07-19 17:14:09,420 - main_pipeline - INFO - 
                               Accuracy  Precision  Recall  F1_Score  ROC_AUC  CV_Accuracy  CV_ROC_AUC
Logistic Regression              0.7381     0.5042  0.8048    0.6200   0.8461       0.7538      0.8485
Tuned XGBoost                    0.7438     0.5111  0.7995    0.6236   0.8443       0.7533      0.8438
Tuned Random Forest              0.7530     0.5235  0.7754    0.6250   0.8399       0.7595      0.8423
Random Forest                    0.7871     0.6267  0.4893    0.5495   0.8256       0.7836      0.8235
XGBoost                          0.7594     0.5376  0.6684    0.5959   0.8194       0.7614      0.8124
Naive Majority-Class Baseline    0.7346     0.0000  0.0000    0.0000   0.5000          NaN         NaN
2026-07-19 17:14:09,420 - main_pipeline - INFO - Step 12: Selected best model: Tuned XGBoost
2026-07-19 17:14:09,425 - main_pipeline - INFO - Saved best model and preprocessing pipeline to models/
2026-07-19 17:14:09,431 - main_pipeline - INFO - Successfully registered model version v1 in models/registry/v1
2026-07-19 17:14:09,431 - main_pipeline - INFO - Step 13: Running SHAP explainability on best model...
2026-07-19 17:14:10,395 - main_pipeline - INFO - SHAP plots saved to outputs/plots/
2026-07-19 17:14:10,395 - main_pipeline - INFO - Step 13b: Comparing feature importance across RF, XGBoost, and SHAP...
2026-07-19 17:14:10,403 - compare_feature_importance - INFO - Reloading data and re-fitting tuned RF/XGBoost for importance comparison...
2026-07-19 17:14:10,404 - preprocessing - INFO - Loading raw data from data/WA_Fn-UseC_-Telco-Customer-Churn.csv...
2026-07-19 17:14:10,466 - preprocessing - INFO - Successfully loaded data. Shape: (7043, 21)
2026-07-19 17:14:10,466 - preprocessing - INFO - Cleaning raw dataset...
2026-07-19 17:14:10,478 - preprocessing - INFO - Data cleaning completed successfully.
2026-07-19 17:14:10,522 - preprocessing - INFO - Splitting data with test_size=0.2, stratifying on 'Churn'...
2026-07-19 17:14:10,540 - preprocessing - INFO - Split complete. Train shape: (5634, 34), Test shape: (1409, 34)
2026-07-19 17:14:10,541 - preprocessing - INFO - Initializing ColumnTransformer preprocessing pipeline...
2026-07-19 17:14:10,542 - preprocessing - INFO - Fitting and transforming training features...
2026-07-19 17:14:10,597 - preprocessing - INFO - Transforming testing features...
2026-07-19 17:14:10,617 - preprocessing - INFO - Preprocessing completed. Encoded features dimensionality: 45
2026-07-19 17:14:10,617 - train - INFO - Starting hyperparameter tuning process...
2026-07-19 17:14:10,619 - train - INFO - Tuning Random Forest via 5-Fold GridSearchCV using grid: {'n_estimators': [100, 200], 'max_depth': [5, 8, None], 'min_samples_split': [2, 5]}
2026-07-19 17:14:36,930 - train - INFO - Random Forest Tuning Complete. Best Params: {'max_depth': 5, 'min_samples_split': 2, 'n_estimators': 200}
2026-07-19 17:14:36,930 - train - INFO - Random Forest Best CV ROC-AUC: 0.8423
2026-07-19 17:14:36,930 - train - INFO - Tuning XGBoost via 5-Fold GridSearchCV using grid: {'n_estimators': [100, 200], 'max_depth': [3, 5], 'learning_rate': [0.05, 0.1]}
2026-07-19 17:14:41,313 - train - INFO - XGBoost Tuning Complete. Best Params: {'learning_rate': 0.05, 'max_depth': 3, 'n_estimators': 100}
2026-07-19 17:14:41,313 - train - INFO - XGBoost Best CV ROC-AUC: 0.8438
2026-07-19 17:14:41,314 - train - INFO - Hyperparameter tuning process completed successfully.
2026-07-19 17:14:41,383 - compare_feature_importance - INFO - Saved feature_importance_comparison.csv
2026-07-19 17:14:42,167 - compare_feature_importance - INFO - Saved feature_importance_comparison.png
2026-07-19 17:14:42,171 - compare_feature_importance - INFO - Rank correlation RF vs XGB: 0.372
2026-07-19 17:14:42,171 - compare_feature_importance - INFO - Rank correlation XGB vs SHAP: 0.939
2026-07-19 17:14:42,171 - compare_feature_importance - INFO - Rank correlation RF vs SHAP: 0.389
2026-07-19 17:14:42,183 - main_pipeline - INFO - Feature importance comparison completed.
2026-07-19 17:14:42,183 - main_pipeline - INFO - =========================================
2026-07-19 17:14:42,183 - main_pipeline - INFO - Customer Churn ML Pipeline Completed Successfully
2026-07-19 17:14:42,184 - main_pipeline - INFO - =========================================
2026-07-19 17:14:56,141 - main_pipeline - INFO - =========================================
2026-07-19 17:14:56,141 - main_pipeline - INFO - Starting Customer Churn ML Pipeline
2026-07-19 17:14:56,142 - main_pipeline - INFO - =========================================
2026-07-19 17:14:56,150 - main_pipeline - INFO - Step 1: Loading raw data from data/WA_Fn-UseC_-Telco-Customer-Churn.csv...
2026-07-19 17:14:56,151 - preprocessing - INFO - Loading raw data from data/WA_Fn-UseC_-Telco-Customer-Churn.csv...
2026-07-19 17:14:56,199 - preprocessing - INFO - Successfully loaded data. Shape: (7043, 21)
2026-07-19 17:14:56,199 - main_pipeline - INFO - Step 2: Cleaning raw dataset...
2026-07-19 17:14:56,199 - preprocessing - INFO - Cleaning raw dataset...
2026-07-19 17:14:56,213 - preprocessing - INFO - Data cleaning completed successfully.
2026-07-19 17:14:56,213 - main_pipeline - INFO - Step 3: Generating EDA plots...
2026-07-19 17:14:56,213 - generate_eda - INFO - Loading data for EDA from data/WA_Fn-UseC_-Telco-Customer-Churn.csv...
2026-07-19 17:14:56,214 - preprocessing - INFO - Loading raw data from data/WA_Fn-UseC_-Telco-Customer-Churn.csv...
2026-07-19 17:14:56,267 - preprocessing - INFO - Successfully loaded data. Shape: (7043, 21)
2026-07-19 17:14:56,268 - preprocessing - INFO - Cleaning raw dataset...
2026-07-19 17:14:56,285 - preprocessing - INFO - Data cleaning completed successfully.
2026-07-19 17:14:56,287 - generate_eda - INFO - EDA plots will be saved to outputs/plots/
2026-07-19 17:14:59,632 - generate_eda - INFO - All 13 EDA plots successfully generated and saved.
2026-07-19 17:14:59,633 - main_pipeline - INFO - Step 3b: Running formal hypothesis significance tests...
2026-07-19 17:14:59,650 - main_pipeline - INFO - Hypothesis test [fiber_vs_dsl_churn]: {'group_col': 'InternetService', 'chi2_statistic': 328.26345137397004, 'dof': 1, 'p_value': 2.2962170975696955e-73, 'churn_rates': {'DSL': 0.1895910780669145, 'Fiber optic': 0.4189276485788114}, 'significant': True}
2026-07-19 17:14:59,650 - main_pipeline - INFO - Hypothesis test [partner_vs_churn]: {'group_col': 'Partner', 'chi2_statistic': 158.7333820309922, 'dof': 1, 'p_value': 2.1399113440759935e-36, 'churn_rates': {'No': 0.32957978577313923, 'Yes': 0.1966490299823633}, 'significant': True}
2026-07-19 17:14:59,650 - main_pipeline - INFO - Hypothesis test [monthly_charges_vs_churn]: {'numeric_col': 'MonthlyCharges', 't_statistic': 18.407526676414673, 'p_value': 8.59244933154705e-73, 'mean_churn': 74.44133226324237, 'mean_no_churn': 61.26512369540008, 'significant': True}
2026-07-19 17:14:59,650 - main_pipeline - INFO - Step 4: Creating engineered features...
2026-07-19 17:14:59,663 - main_pipeline - INFO - Step 5: Performing stratified Train-Test Split...
2026-07-19 17:14:59,663 - preprocessing - INFO - Splitting data with test_size=0.2, stratifying on 'Churn'...
2026-07-19 17:14:59,668 - preprocessing - INFO - Split complete. Train shape: (5634, 34), Test shape: (1409, 34)
2026-07-19 17:14:59,668 - main_pipeline - INFO - Step 6: Preprocessing features (scaling & encoding)...
2026-07-19 17:14:59,668 - preprocessing - INFO - Initializing ColumnTransformer preprocessing pipeline...
2026-07-19 17:14:59,668 - preprocessing - INFO - Fitting and transforming training features...
2026-07-19 17:14:59,688 - preprocessing - INFO - Transforming testing features...
2026-07-19 17:14:59,695 - preprocessing - INFO - Preprocessing completed. Encoded features dimensionality: 45
2026-07-19 17:14:59,695 - main_pipeline - INFO - Step 7: Training baseline models (LR, RF, XGB)...
2026-07-19 17:14:59,695 - train - INFO - Initializing baseline models training process...
2026-07-19 17:14:59,696 - train - INFO - Class counts in train - Negatives: 4139, Positives: 1495
2026-07-19 17:14:59,696 - train - INFO - Computed scale_pos_weight for XGBoost: 2.769
2026-07-19 17:14:59,696 - train - INFO - Fitting Logistic Regression baseline model...
2026-07-19 17:14:59,728 - train - INFO - Fitting Random Forest baseline model...
2026-07-19 17:15:00,420 - train - INFO - Fitting XGBoost baseline model...
2026-07-19 17:15:02,488 - train - INFO - Baseline model training completed successfully.
2026-07-19 17:15:02,488 - main_pipeline - INFO - Step 8: Evaluating baseline models...
2026-07-19 17:15:03,081 - experiment_tracker - INFO - Logging experiment run 'Baseline Logistic Regression' to local JSON registry...
2026-07-19 17:15:03,106 - experiment_tracker - INFO - Local logging complete. Registry has 6 total entries.
2026-07-19 17:15:03,106 - experiment_tracker - INFO - Initializing MLflow experiment logging...
2026-07-19 17:15:03,344 - experiment_tracker - INFO - MLflow run logged successfully. Run ID: 43c00ca719334c72999d294b5cc91809
2026-07-19 17:15:06,673 - experiment_tracker - INFO - Logging experiment run 'Baseline Random Forest' to local JSON registry...
2026-07-19 17:15:06,698 - experiment_tracker - INFO - Local logging complete. Registry has 7 total entries.
2026-07-19 17:15:06,698 - experiment_tracker - INFO - Initializing MLflow experiment logging...
2026-07-19 17:15:06,810 - experiment_tracker - INFO - MLflow run logged successfully. Run ID: 74adbfb4f1b34a39872a97ba03e15a81
2026-07-19 17:15:07,832 - experiment_tracker - INFO - Logging experiment run 'Baseline XGBoost' to local JSON registry...
2026-07-19 17:15:07,846 - experiment_tracker - INFO - Local logging complete. Registry has 8 total entries.
2026-07-19 17:15:07,846 - experiment_tracker - INFO - Initializing MLflow experiment logging...
2026-07-19 17:15:07,956 - experiment_tracker - INFO - MLflow run logged successfully. Run ID: 9de4f674af44485e8ca0f780b4075a8a
2026-07-19 17:15:07,958 - main_pipeline - INFO - Step 9: Tuning Random Forest & XGBoost via GridSearchCV...
2026-07-19 17:15:07,958 - train - INFO - Starting hyperparameter tuning process...
2026-07-19 17:15:07,959 - train - INFO - Tuning Random Forest via 5-Fold GridSearchCV using grid: {'n_estimators': [100, 200], 'max_depth': [5, 8, None], 'min_samples_split': [2, 5]}
2026-07-19 17:15:16,617 - train - INFO - Random Forest Tuning Complete. Best Params: {'max_depth': 5, 'min_samples_split': 2, 'n_estimators': 200}
2026-07-19 17:15:16,617 - train - INFO - Random Forest Best CV ROC-AUC: 0.8423
2026-07-19 17:15:16,618 - train - INFO - Tuning XGBoost via 5-Fold GridSearchCV using grid: {'n_estimators': [100, 200], 'max_depth': [3, 5], 'learning_rate': [0.05, 0.1]}
2026-07-19 17:15:19,855 - train - INFO - XGBoost Tuning Complete. Best Params: {'learning_rate': 0.05, 'max_depth': 3, 'n_estimators': 100}
2026-07-19 17:15:19,855 - train - INFO - XGBoost Best CV ROC-AUC: 0.8438
2026-07-19 17:15:19,855 - train - INFO - Hyperparameter tuning process completed successfully.
2026-07-19 17:15:19,855 - main_pipeline - INFO - Step 10: Evaluating tuned models...
2026-07-19 17:15:23,120 - experiment_tracker - INFO - Logging experiment run 'Tuned Random Forest' to local JSON registry...
2026-07-19 17:15:23,150 - experiment_tracker - INFO - Local logging complete. Registry has 9 total entries.
2026-07-19 17:15:23,150 - experiment_tracker - INFO - Initializing MLflow experiment logging...
2026-07-19 17:15:23,241 - experiment_tracker - INFO - MLflow run logged successfully. Run ID: 8f430a7a8ff14d9ba73e7fb953be9b85
2026-07-19 17:15:23,990 - experiment_tracker - INFO - Logging experiment run 'Tuned XGBoost' to local JSON registry...
2026-07-19 17:15:24,008 - experiment_tracker - INFO - Local logging complete. Registry has 10 total entries.
2026-07-19 17:15:24,008 - experiment_tracker - INFO - Initializing MLflow experiment logging...
2026-07-19 17:15:24,086 - experiment_tracker - INFO - MLflow run logged successfully. Run ID: a486f5d308c0436884dcd86a43ea0a7c
2026-07-19 17:15:24,090 - main_pipeline - INFO - Step 10b: Computing naive majority-class baseline...
2026-07-19 17:15:24,095 - main_pipeline - INFO - Step 11: Compiling comparison metrics report...
2026-07-19 17:15:24,099 - main_pipeline - INFO - 
                               Accuracy  Precision  Recall  F1_Score  ROC_AUC  CV_Accuracy  CV_ROC_AUC
Logistic Regression              0.7381     0.5042  0.8048    0.6200   0.8461       0.7538      0.8485
Tuned XGBoost                    0.7438     0.5111  0.7995    0.6236   0.8443       0.7533      0.8438
Tuned Random Forest              0.7530     0.5235  0.7754    0.6250   0.8399       0.7595      0.8423
Random Forest                    0.7871     0.6267  0.4893    0.5495   0.8256       0.7836      0.8235
XGBoost                          0.7594     0.5376  0.6684    0.5959   0.8194       0.7614      0.8124
Naive Majority-Class Baseline    0.7346     0.0000  0.0000    0.0000   0.5000          NaN         NaN
2026-07-19 17:15:24,099 - main_pipeline - INFO - Step 12: Selected best model: Tuned XGBoost
2026-07-19 17:15:24,104 - main_pipeline - INFO - Saved best model and preprocessing pipeline to models/
2026-07-19 17:15:24,109 - main_pipeline - INFO - Successfully registered model version v1 in models/registry/v1
2026-07-19 17:15:24,109 - main_pipeline - INFO - Step 13: Running SHAP explainability on best model...
2026-07-19 17:15:25,112 - main_pipeline - INFO - SHAP plots saved to outputs/plots/
2026-07-19 17:15:25,112 - main_pipeline - INFO - Step 13b: Comparing feature importance across RF, XGBoost, and SHAP...
2026-07-19 17:15:25,122 - compare_feature_importance - INFO - Reloading data and re-fitting tuned RF/XGBoost for importance comparison...
2026-07-19 17:15:25,123 - preprocessing - INFO - Loading raw data from data/WA_Fn-UseC_-Telco-Customer-Churn.csv...
2026-07-19 17:15:25,163 - preprocessing - INFO - Successfully loaded data. Shape: (7043, 21)
2026-07-19 17:15:25,163 - preprocessing - INFO - Cleaning raw dataset...
2026-07-19 17:15:25,180 - preprocessing - INFO - Data cleaning completed successfully.
2026-07-19 17:15:25,228 - preprocessing - INFO - Splitting data with test_size=0.2, stratifying on 'Churn'...
2026-07-19 17:15:25,245 - preprocessing - INFO - Split complete. Train shape: (5634, 34), Test shape: (1409, 34)
2026-07-19 17:15:25,246 - preprocessing - INFO - Initializing ColumnTransformer preprocessing pipeline...
2026-07-19 17:15:25,246 - preprocessing - INFO - Fitting and transforming training features...
2026-07-19 17:15:25,299 - preprocessing - INFO - Transforming testing features...
2026-07-19 17:15:25,320 - preprocessing - INFO - Preprocessing completed. Encoded features dimensionality: 45
2026-07-19 17:15:25,320 - train - INFO - Starting hyperparameter tuning process...
2026-07-19 17:15:25,324 - train - INFO - Tuning Random Forest via 5-Fold GridSearchCV using grid: {'n_estimators': [100, 200], 'max_depth': [5, 8, None], 'min_samples_split': [2, 5]}
2026-07-19 17:15:55,222 - train - INFO - Random Forest Tuning Complete. Best Params: {'max_depth': 5, 'min_samples_split': 2, 'n_estimators': 200}
2026-07-19 17:15:55,223 - train - INFO - Random Forest Best CV ROC-AUC: 0.8423
2026-07-19 17:15:55,223 - train - INFO - Tuning XGBoost via 5-Fold GridSearchCV using grid: {'n_estimators': [100, 200], 'max_depth': [3, 5], 'learning_rate': [0.05, 0.1]}
2026-07-19 17:16:00,319 - train - INFO - XGBoost Tuning Complete. Best Params: {'learning_rate': 0.05, 'max_depth': 3, 'n_estimators': 100}
2026-07-19 17:16:00,320 - train - INFO - XGBoost Best CV ROC-AUC: 0.8438
2026-07-19 17:16:00,320 - train - INFO - Hyperparameter tuning process completed successfully.
2026-07-19 17:16:00,390 - compare_feature_importance - INFO - Saved feature_importance_comparison.csv
2026-07-19 17:16:01,164 - compare_feature_importance - INFO - Saved feature_importance_comparison.png
2026-07-19 17:16:01,170 - compare_feature_importance - INFO - Rank correlation RF vs XGB: 0.372
2026-07-19 17:16:01,170 - compare_feature_importance - INFO - Rank correlation XGB vs SHAP: 0.939
2026-07-19 17:16:01,170 - compare_feature_importance - INFO - Rank correlation RF vs SHAP: 0.389
2026-07-19 17:16:01,186 - main_pipeline - INFO - Feature importance comparison completed.
2026-07-19 17:16:01,186 - main_pipeline - INFO - =========================================
2026-07-19 17:16:01,186 - main_pipeline - INFO - Customer Churn ML Pipeline Completed Successfully
2026-07-19 17:16:01,187 - main_pipeline - INFO - =========================================
2026-07-19 17:17:56,995 - preprocessing - INFO - Loading raw data from C:\Users\VICTUS\AppData\Local\Temp\pytest-of-VICTUS\pytest-0\test_load_data_returns_datafra0\sample.csv...
2026-07-19 17:17:57,018 - preprocessing - INFO - Successfully loaded data. Shape: (20, 21)
2026-07-19 17:17:57,024 - preprocessing - INFO - Inspecting raw DataFrame statistics...
2026-07-19 17:17:57,032 - preprocessing - INFO - DataFrame inspection completed successfully.
2026-07-19 17:17:57,040 - preprocessing - INFO - Inspecting raw DataFrame statistics...
2026-07-19 17:17:57,045 - preprocessing - INFO - DataFrame inspection completed successfully.
2026-07-19 17:17:57,049 - preprocessing - INFO - Cleaning raw dataset...
2026-07-19 17:17:57,052 - preprocessing - INFO - Data cleaning completed successfully.
2026-07-19 17:17:57,058 - preprocessing - INFO - Cleaning raw dataset...
2026-07-19 17:17:57,061 - preprocessing - INFO - Data cleaning completed successfully.
2026-07-19 17:17:57,067 - preprocessing - INFO - Cleaning raw dataset...
2026-07-19 17:17:57,070 - preprocessing - INFO - Data cleaning completed successfully.
2026-07-19 17:17:57,076 - preprocessing - INFO - Cleaning raw dataset...
2026-07-19 17:17:57,079 - preprocessing - INFO - Data cleaning completed successfully.
2026-07-19 17:17:57,090 - preprocessing - INFO - Cleaning raw dataset...
2026-07-19 17:17:57,093 - preprocessing - INFO - Data cleaning completed successfully.
2026-07-19 17:17:57,093 - preprocessing - INFO - Splitting data with test_size=0.25, stratifying on 'Churn'...
2026-07-19 17:17:57,099 - preprocessing - INFO - Split complete. Train shape: (15, 19), Test shape: (5, 19)
2026-07-19 17:17:57,108 - preprocessing - INFO - Cleaning raw dataset...
2026-07-19 17:17:57,111 - preprocessing - INFO - Data cleaning completed successfully.
2026-07-19 17:17:57,111 - preprocessing - INFO - Splitting data with test_size=0.5, stratifying on 'Churn'...
2026-07-19 17:17:57,117 - preprocessing - INFO - Split complete. Train shape: (10, 19), Test shape: (10, 19)
2026-07-19 17:17:57,125 - preprocessing - INFO - Cleaning raw dataset...
2026-07-19 17:17:57,126 - preprocessing - INFO - Data cleaning completed successfully.
2026-07-19 17:17:57,126 - preprocessing - INFO - Splitting data with test_size=0.2, stratifying on 'Churn'...
2026-07-19 17:17:57,132 - preprocessing - INFO - Split complete. Train shape: (16, 19), Test shape: (4, 19)
2026-07-19 17:17:57,133 - preprocessing - INFO - Splitting data with test_size=0.2, stratifying on 'Churn'...
2026-07-19 17:17:57,137 - preprocessing - INFO - Split complete. Train shape: (16, 19), Test shape: (4, 19)
2026-07-19 17:17:57,153 - preprocessing - INFO - Cleaning raw dataset...
2026-07-19 17:17:57,155 - preprocessing - INFO - Data cleaning completed successfully.
2026-07-19 17:17:57,156 - preprocessing - INFO - Splitting data with test_size=0.25, stratifying on 'Churn'...
2026-07-19 17:17:57,161 - preprocessing - INFO - Split complete. Train shape: (15, 19), Test shape: (5, 19)
2026-07-19 17:17:57,162 - preprocessing - INFO - Initializing ColumnTransformer preprocessing pipeline...
2026-07-19 17:17:57,163 - preprocessing - INFO - Fitting and transforming training features...
2026-07-19 17:17:57,174 - preprocessing - INFO - Transforming testing features...
2026-07-19 17:17:57,184 - preprocessing - INFO - Preprocessing completed. Encoded features dimensionality: 5
2026-07-19 17:17:57,192 - preprocessing - INFO - Cleaning raw dataset...
2026-07-19 17:17:57,195 - preprocessing - INFO - Data cleaning completed successfully.
2026-07-19 17:17:57,196 - preprocessing - INFO - Splitting data with test_size=0.25, stratifying on 'Churn'...
2026-07-19 17:17:57,201 - preprocessing - INFO - Split complete. Train shape: (15, 19), Test shape: (5, 19)
2026-07-19 17:17:57,201 - preprocessing - INFO - Initializing ColumnTransformer preprocessing pipeline...
2026-07-19 17:17:57,201 - preprocessing - INFO - Fitting and transforming training features...
2026-07-19 17:17:57,214 - preprocessing - INFO - Transforming testing features...
2026-07-19 17:17:57,223 - preprocessing - INFO - Preprocessing completed. Encoded features dimensionality: 5
2026-07-19 17:17:57,229 - preprocessing - INFO - Cleaning raw dataset...
2026-07-19 17:17:57,232 - preprocessing - INFO - Data cleaning completed successfully.
2026-07-19 17:17:57,232 - preprocessing - INFO - Splitting data with test_size=0.25, stratifying on 'Churn'...
2026-07-19 17:17:57,237 - preprocessing - INFO - Split complete. Train shape: (15, 19), Test shape: (5, 19)
2026-07-19 17:17:57,238 - preprocessing - INFO - Initializing ColumnTransformer preprocessing pipeline...
2026-07-19 17:17:57,238 - preprocessing - INFO - Fitting and transforming training features...
2026-07-19 17:17:57,250 - preprocessing - INFO - Transforming testing features...
2026-07-19 17:17:57,258 - preprocessing - INFO - Preprocessing completed. Encoded features dimensionality: 5
2026-07-19 17:17:57,265 - preprocessing - INFO - Cleaning raw dataset...
2026-07-19 17:17:57,268 - preprocessing - INFO - Data cleaning completed successfully.
2026-07-19 17:17:57,268 - preprocessing - INFO - Splitting data with test_size=0.25, stratifying on 'Churn'...
2026-07-19 17:17:57,273 - preprocessing - INFO - Split complete. Train shape: (15, 19), Test shape: (5, 19)
2026-07-19 17:17:57,274 - preprocessing - INFO - Initializing ColumnTransformer preprocessing pipeline...
2026-07-19 17:17:57,274 - preprocessing - INFO - Fitting and transforming training features...
2026-07-19 17:17:57,286 - preprocessing - INFO - Transforming testing features...
2026-07-19 17:17:57,295 - preprocessing - INFO - Preprocessing completed. Encoded features dimensionality: 5
2026-07-19 17:17:57,303 - preprocessing - INFO - Cleaning raw dataset...
2026-07-19 17:17:57,306 - preprocessing - INFO - Data cleaning completed successfully.
2026-07-19 17:17:57,306 - preprocessing - INFO - Splitting data with test_size=0.25, stratifying on 'Churn'...
2026-07-19 17:17:57,312 - preprocessing - INFO - Split complete. Train shape: (15, 19), Test shape: (5, 19)
2026-07-19 17:17:57,313 - preprocessing - INFO - Initializing ColumnTransformer preprocessing pipeline...
2026-07-19 17:17:57,314 - preprocessing - INFO - Fitting and transforming training features...
2026-07-19 17:17:57,326 - preprocessing - INFO - Transforming testing features...
2026-07-19 17:17:57,334 - preprocessing - INFO - Preprocessing completed. Encoded features dimensionality: 5
2026-07-19 17:18:22,989 - preprocessing - INFO - Loading raw data from C:\Users\VICTUS\AppData\Local\Temp\pytest-of-VICTUS\pytest-1\test_load_data_returns_datafra0\sample.csv...
2026-07-19 17:18:22,996 - preprocessing - INFO - Successfully loaded data. Shape: (20, 21)
2026-07-19 17:18:23,002 - preprocessing - INFO - Inspecting raw DataFrame statistics...
2026-07-19 17:18:23,008 - preprocessing - INFO - DataFrame inspection completed successfully.
2026-07-19 17:18:23,015 - preprocessing - INFO - Inspecting raw DataFrame statistics...
2026-07-19 17:18:23,021 - preprocessing - INFO - DataFrame inspection completed successfully.
2026-07-19 17:18:23,027 - preprocessing - INFO - Cleaning raw dataset...
2026-07-19 17:18:23,029 - preprocessing - INFO - Data cleaning completed successfully.
2026-07-19 17:18:23,036 - preprocessing - INFO - Cleaning raw dataset...
2026-07-19 17:18:23,038 - preprocessing - INFO - Data cleaning completed successfully.
2026-07-19 17:18:23,045 - preprocessing - INFO - Cleaning raw dataset...
2026-07-19 17:18:23,047 - preprocessing - INFO - Data cleaning completed successfully.
2026-07-19 17:18:23,054 - preprocessing - INFO - Cleaning raw dataset...
2026-07-19 17:18:23,057 - preprocessing - INFO - Data cleaning completed successfully.
2026-07-19 17:18:23,067 - preprocessing - INFO - Cleaning raw dataset...
2026-07-19 17:18:23,069 - preprocessing - INFO - Data cleaning completed successfully.
2026-07-19 17:18:23,070 - preprocessing - INFO - Splitting data with test_size=0.25, stratifying on 'Churn'...
2026-07-19 17:18:23,075 - preprocessing - INFO - Split complete. Train shape: (15, 19), Test shape: (5, 19)
2026-07-19 17:18:23,081 - preprocessing - INFO - Cleaning raw dataset...
2026-07-19 17:18:23,084 - preprocessing - INFO - Data cleaning completed successfully.
2026-07-19 17:18:23,084 - preprocessing - INFO - Splitting data with test_size=0.5, stratifying on 'Churn'...
2026-07-19 17:18:23,089 - preprocessing - INFO - Split complete. Train shape: (10, 19), Test shape: (10, 19)
2026-07-19 17:18:23,096 - preprocessing - INFO - Cleaning raw dataset...
2026-07-19 17:18:23,098 - preprocessing - INFO - Data cleaning completed successfully.
2026-07-19 17:18:23,099 - preprocessing - INFO - Splitting data with test_size=0.2, stratifying on 'Churn'...
2026-07-19 17:18:23,104 - preprocessing - INFO - Split complete. Train shape: (16, 19), Test shape: (4, 19)
2026-07-19 17:18:23,104 - preprocessing - INFO - Splitting data with test_size=0.2, stratifying on 'Churn'...
2026-07-19 17:18:23,109 - preprocessing - INFO - Split complete. Train shape: (16, 19), Test shape: (4, 19)
2026-07-19 17:18:23,122 - preprocessing - INFO - Cleaning raw dataset...
2026-07-19 17:18:23,126 - preprocessing - INFO - Data cleaning completed successfully.
2026-07-19 17:18:23,126 - preprocessing - INFO - Splitting data with test_size=0.25, stratifying on 'Churn'...
2026-07-19 17:18:23,131 - preprocessing - INFO - Split complete. Train shape: (15, 19), Test shape: (5, 19)
2026-07-19 17:18:23,131 - preprocessing - INFO - Initializing ColumnTransformer preprocessing pipeline...
2026-07-19 17:18:23,132 - preprocessing - INFO - Fitting and transforming training features...
2026-07-19 17:18:23,143 - preprocessing - INFO - Transforming testing features...
2026-07-19 17:18:23,153 - preprocessing - INFO - Preprocessing completed. Encoded features dimensionality: 5
2026-07-19 17:18:23,161 - preprocessing - INFO - Cleaning raw dataset...
2026-07-19 17:18:23,163 - preprocessing - INFO - Data cleaning completed successfully.
2026-07-19 17:18:23,164 - preprocessing - INFO - Splitting data with test_size=0.25, stratifying on 'Churn'...
2026-07-19 17:18:23,167 - preprocessing - INFO - Split complete. Train shape: (15, 19), Test shape: (5, 19)
2026-07-19 17:18:23,168 - preprocessing - INFO - Initializing ColumnTransformer preprocessing pipeline...
2026-07-19 17:18:23,168 - preprocessing - INFO - Fitting and transforming training features...
2026-07-19 17:18:23,178 - preprocessing - INFO - Transforming testing features...
2026-07-19 17:18:23,186 - preprocessing - INFO - Preprocessing completed. Encoded features dimensionality: 5
2026-07-19 17:18:23,193 - preprocessing - INFO - Cleaning raw dataset...
2026-07-19 17:18:23,196 - preprocessing - INFO - Data cleaning completed successfully.
2026-07-19 17:18:23,196 - preprocessing - INFO - Splitting data with test_size=0.25, stratifying on 'Churn'...
2026-07-19 17:18:23,201 - preprocessing - INFO - Split complete. Train shape: (15, 19), Test shape: (5, 19)
2026-07-19 17:18:23,202 - preprocessing - INFO - Initializing ColumnTransformer preprocessing pipeline...
2026-07-19 17:18:23,202 - preprocessing - INFO - Fitting and transforming training features...
2026-07-19 17:18:23,213 - preprocessing - INFO - Transforming testing features...
2026-07-19 17:18:23,220 - preprocessing - INFO - Preprocessing completed. Encoded features dimensionality: 5
2026-07-19 17:18:23,228 - preprocessing - INFO - Cleaning raw dataset...
2026-07-19 17:18:23,231 - preprocessing - INFO - Data cleaning completed successfully.
2026-07-19 17:18:23,231 - preprocessing - INFO - Splitting data with test_size=0.25, stratifying on 'Churn'...
2026-07-19 17:18:23,235 - preprocessing - INFO - Split complete. Train shape: (15, 19), Test shape: (5, 19)
2026-07-19 17:18:23,236 - preprocessing - INFO - Initializing ColumnTransformer preprocessing pipeline...
2026-07-19 17:18:23,236 - preprocessing - INFO - Fitting and transforming training features...
2026-07-19 17:18:23,247 - preprocessing - INFO - Transforming testing features...
2026-07-19 17:18:23,254 - preprocessing - INFO - Preprocessing completed. Encoded features dimensionality: 5
2026-07-19 17:18:23,261 - preprocessing - INFO - Cleaning raw dataset...
2026-07-19 17:18:23,264 - preprocessing - INFO - Data cleaning completed successfully.
2026-07-19 17:18:23,264 - preprocessing - INFO - Splitting data with test_size=0.25, stratifying on 'Churn'...
2026-07-19 17:18:23,269 - preprocessing - INFO - Split complete. Train shape: (15, 19), Test shape: (5, 19)
2026-07-19 17:18:23,270 - preprocessing - INFO - Initializing ColumnTransformer preprocessing pipeline...
2026-07-19 17:18:23,271 - preprocessing - INFO - Fitting and transforming training features...
2026-07-19 17:18:23,283 - preprocessing - INFO - Transforming testing features...
2026-07-19 17:18:23,291 - preprocessing - INFO - Preprocessing completed. Encoded features dimensionality: 5
2026-07-19 17:18:39,674 - preprocessing - INFO - Loading raw data from C:\Users\VICTUS\AppData\Local\Temp\pytest-of-VICTUS\pytest-2\test_load_data_returns_datafra0\sample.csv...
2026-07-19 17:18:39,681 - preprocessing - INFO - Successfully loaded data. Shape: (20, 21)
2026-07-19 17:18:39,688 - preprocessing - INFO - Inspecting raw DataFrame statistics...
2026-07-19 17:18:39,695 - preprocessing - INFO - DataFrame inspection completed successfully.
2026-07-19 17:18:39,703 - preprocessing - INFO - Inspecting raw DataFrame statistics...
2026-07-19 17:18:39,707 - preprocessing - INFO - DataFrame inspection completed successfully.
2026-07-19 17:18:39,713 - preprocessing - INFO - Cleaning raw dataset...
2026-07-19 17:18:39,716 - preprocessing - INFO - Data cleaning completed successfully.
2026-07-19 17:18:39,722 - preprocessing - INFO - Cleaning raw dataset...
2026-07-19 17:18:39,724 - preprocessing - INFO - Data cleaning completed successfully.
2026-07-19 17:18:39,728 - preprocessing - INFO - Cleaning raw dataset...
2026-07-19 17:18:39,731 - preprocessing - INFO - Data cleaning completed successfully.
2026-07-19 17:18:39,737 - preprocessing - INFO - Cleaning raw dataset...
2026-07-19 17:18:39,740 - preprocessing - INFO - Data cleaning completed successfully.
2026-07-19 17:18:39,751 - preprocessing - INFO - Cleaning raw dataset...
2026-07-19 17:18:39,754 - preprocessing - INFO - Data cleaning completed successfully.
2026-07-19 17:18:39,754 - preprocessing - INFO - Splitting data with test_size=0.25, stratifying on 'Churn'...
2026-07-19 17:18:39,761 - preprocessing - INFO - Split complete. Train shape: (15, 19), Test shape: (5, 19)
2026-07-19 17:18:39,768 - preprocessing - INFO - Cleaning raw dataset...
2026-07-19 17:18:39,772 - preprocessing - INFO - Data cleaning completed successfully.
2026-07-19 17:18:39,772 - preprocessing - INFO - Splitting data with test_size=0.5, stratifying on 'Churn'...
2026-07-19 17:18:39,777 - preprocessing - INFO - Split complete. Train shape: (10, 19), Test shape: (10, 19)
2026-07-19 17:18:39,785 - preprocessing - INFO - Cleaning raw dataset...
2026-07-19 17:18:39,787 - preprocessing - INFO - Data cleaning completed successfully.
2026-07-19 17:18:39,788 - preprocessing - INFO - Splitting data with test_size=0.2, stratifying on 'Churn'...
2026-07-19 17:18:39,793 - preprocessing - INFO - Split complete. Train shape: (16, 19), Test shape: (4, 19)
2026-07-19 17:18:39,793 - preprocessing - INFO - Splitting data with test_size=0.2, stratifying on 'Churn'...
2026-07-19 17:18:39,798 - preprocessing - INFO - Split complete. Train shape: (16, 19), Test shape: (4, 19)
2026-07-19 17:18:39,813 - preprocessing - INFO - Cleaning raw dataset...
2026-07-19 17:18:39,815 - preprocessing - INFO - Data cleaning completed successfully.
2026-07-19 17:18:39,816 - preprocessing - INFO - Splitting data with test_size=0.25, stratifying on 'Churn'...
2026-07-19 17:18:39,822 - preprocessing - INFO - Split complete. Train shape: (15, 19), Test shape: (5, 19)
2026-07-19 17:18:39,822 - preprocessing - INFO - Initializing ColumnTransformer preprocessing pipeline...
2026-07-19 17:18:39,823 - preprocessing - INFO - Fitting and transforming training features...
2026-07-19 17:18:39,835 - preprocessing - INFO - Transforming testing features...
2026-07-19 17:18:39,845 - preprocessing - INFO - Preprocessing completed. Encoded features dimensionality: 5
2026-07-19 17:18:39,852 - preprocessing - INFO - Cleaning raw dataset...
2026-07-19 17:18:39,854 - preprocessing - INFO - Data cleaning completed successfully.
2026-07-19 17:18:39,855 - preprocessing - INFO - Splitting data with test_size=0.25, stratifying on 'Churn'...
2026-07-19 17:18:39,861 - preprocessing - INFO - Split complete. Train shape: (15, 19), Test shape: (5, 19)
2026-07-19 17:18:39,861 - preprocessing - INFO - Initializing ColumnTransformer preprocessing pipeline...
2026-07-19 17:18:39,861 - preprocessing - INFO - Fitting and transforming training features...
2026-07-19 17:18:39,873 - preprocessing - INFO - Transforming testing features...
2026-07-19 17:18:39,880 - preprocessing - INFO - Preprocessing completed. Encoded features dimensionality: 5
2026-07-19 17:18:39,888 - preprocessing - INFO - Cleaning raw dataset...
2026-07-19 17:18:39,891 - preprocessing - INFO - Data cleaning completed successfully.
2026-07-19 17:18:39,891 - preprocessing - INFO - Splitting data with test_size=0.25, stratifying on 'Churn'...
2026-07-19 17:18:39,897 - preprocessing - INFO - Split complete. Train shape: (15, 19), Test shape: (5, 19)
2026-07-19 17:18:39,897 - preprocessing - INFO - Initializing ColumnTransformer preprocessing pipeline...
2026-07-19 17:18:39,897 - preprocessing - INFO - Fitting and transforming training features...
2026-07-19 17:18:39,908 - preprocessing - INFO - Transforming testing features...
2026-07-19 17:18:39,917 - preprocessing - INFO - Preprocessing completed. Encoded features dimensionality: 5
2026-07-19 17:18:39,921 - preprocessing - INFO - Cleaning raw dataset...
2026-07-19 17:18:39,925 - preprocessing - INFO - Data cleaning completed successfully.
2026-07-19 17:18:39,925 - preprocessing - INFO - Splitting data with test_size=0.25, stratifying on 'Churn'...
2026-07-19 17:18:39,930 - preprocessing - INFO - Split complete. Train shape: (15, 19), Test shape: (5, 19)
2026-07-19 17:18:39,932 - preprocessing - INFO - Initializing ColumnTransformer preprocessing pipeline...
2026-07-19 17:18:39,932 - preprocessing - INFO - Fitting and transforming training features...
2026-07-19 17:18:39,943 - preprocessing - INFO - Transforming testing features...
2026-07-19 17:18:39,952 - preprocessing - INFO - Preprocessing completed. Encoded features dimensionality: 5
2026-07-19 17:18:39,959 - preprocessing - INFO - Cleaning raw dataset...
2026-07-19 17:18:39,962 - preprocessing - INFO - Data cleaning completed successfully.
2026-07-19 17:18:39,962 - preprocessing - INFO - Splitting data with test_size=0.25, stratifying on 'Churn'...
2026-07-19 17:18:39,967 - preprocessing - INFO - Split complete. Train shape: (15, 19), Test shape: (5, 19)
2026-07-19 17:18:39,968 - preprocessing - INFO - Initializing ColumnTransformer preprocessing pipeline...
2026-07-19 17:18:39,968 - preprocessing - INFO - Fitting and transforming training features...
2026-07-19 17:18:39,979 - preprocessing - INFO - Transforming testing features...
2026-07-19 17:18:39,988 - preprocessing - INFO - Preprocessing completed. Encoded features dimensionality: 5
2026-07-19 18:17:18,283 - preprocessing - INFO - Loading raw data from C:\Users\VICTUS\AppData\Local\Temp\pytest-of-VICTUS\pytest-3\test_load_data_returns_datafra0\sample.csv...
2026-07-19 18:17:18,326 - preprocessing - INFO - Successfully loaded data. Shape: (20, 21)
2026-07-19 18:17:18,341 - preprocessing - INFO - Inspecting raw DataFrame statistics...
2026-07-19 18:17:18,353 - preprocessing - INFO - DataFrame inspection completed successfully.
2026-07-19 18:17:18,370 - preprocessing - INFO - Inspecting raw DataFrame statistics...
2026-07-19 18:17:18,381 - preprocessing - INFO - DataFrame inspection completed successfully.
2026-07-19 18:17:18,394 - preprocessing - INFO - Cleaning raw dataset...
2026-07-19 18:17:18,400 - preprocessing - INFO - Data cleaning completed successfully.
2026-07-19 18:17:18,413 - preprocessing - INFO - Cleaning raw dataset...
2026-07-19 18:17:18,418 - preprocessing - INFO - Data cleaning completed successfully.
2026-07-19 18:17:18,431 - preprocessing - INFO - Cleaning raw dataset...
2026-07-19 18:17:18,437 - preprocessing - INFO - Data cleaning completed successfully.
2026-07-19 18:17:18,450 - preprocessing - INFO - Cleaning raw dataset...
2026-07-19 18:17:18,456 - preprocessing - INFO - Data cleaning completed successfully.
2026-07-19 18:17:18,474 - preprocessing - INFO - Cleaning raw dataset...
2026-07-19 18:17:18,480 - preprocessing - INFO - Data cleaning completed successfully.
2026-07-19 18:17:18,481 - preprocessing - INFO - Splitting data with test_size=0.25, stratifying on 'Churn'...
2026-07-19 18:17:18,495 - preprocessing - INFO - Split complete. Train shape: (15, 19), Test shape: (5, 19)
2026-07-19 18:17:18,510 - preprocessing - INFO - Cleaning raw dataset...
2026-07-19 18:17:18,516 - preprocessing - INFO - Data cleaning completed successfully.
2026-07-19 18:17:18,518 - preprocessing - INFO - Splitting data with test_size=0.5, stratifying on 'Churn'...
2026-07-19 18:17:18,531 - preprocessing - INFO - Split complete. Train shape: (10, 19), Test shape: (10, 19)
2026-07-19 18:17:18,548 - preprocessing - INFO - Cleaning raw dataset...
2026-07-19 18:17:18,553 - preprocessing - INFO - Data cleaning completed successfully.
2026-07-19 18:17:18,554 - preprocessing - INFO - Splitting data with test_size=0.2, stratifying on 'Churn'...
2026-07-19 18:17:18,563 - preprocessing - INFO - Split complete. Train shape: (16, 19), Test shape: (4, 19)
2026-07-19 18:17:18,564 - preprocessing - INFO - Splitting data with test_size=0.2, stratifying on 'Churn'...
2026-07-19 18:17:18,574 - preprocessing - INFO - Split complete. Train shape: (16, 19), Test shape: (4, 19)
2026-07-19 18:17:18,599 - preprocessing - INFO - Cleaning raw dataset...
2026-07-19 18:17:18,605 - preprocessing - INFO - Data cleaning completed successfully.
2026-07-19 18:17:18,607 - preprocessing - INFO - Splitting data with test_size=0.25, stratifying on 'Churn'...
2026-07-19 18:17:18,616 - preprocessing - INFO - Split complete. Train shape: (15, 19), Test shape: (5, 19)
2026-07-19 18:17:18,616 - preprocessing - INFO - Initializing ColumnTransformer preprocessing pipeline...
2026-07-19 18:17:18,617 - preprocessing - INFO - Fitting and transforming training features...
2026-07-19 18:17:18,642 - preprocessing - INFO - Transforming testing features...
2026-07-19 18:17:18,661 - preprocessing - INFO - Preprocessing completed. Encoded features dimensionality: 5
2026-07-19 18:17:18,676 - preprocessing - INFO - Cleaning raw dataset...
2026-07-19 18:17:18,683 - preprocessing - INFO - Data cleaning completed successfully.
2026-07-19 18:17:18,683 - preprocessing - INFO - Splitting data with test_size=0.25, stratifying on 'Churn'...
2026-07-19 18:17:18,692 - preprocessing - INFO - Split complete. Train shape: (15, 19), Test shape: (5, 19)
2026-07-19 18:17:18,693 - preprocessing - INFO - Initializing ColumnTransformer preprocessing pipeline...
2026-07-19 18:17:18,694 - preprocessing - INFO - Fitting and transforming training features...
2026-07-19 18:17:18,718 - preprocessing - INFO - Transforming testing features...
2026-07-19 18:17:18,732 - preprocessing - INFO - Preprocessing completed. Encoded features dimensionality: 5
2026-07-19 18:17:18,747 - preprocessing - INFO - Cleaning raw dataset...
2026-07-19 18:17:18,753 - preprocessing - INFO - Data cleaning completed successfully.
2026-07-19 18:17:18,754 - preprocessing - INFO - Splitting data with test_size=0.25, stratifying on 'Churn'...
2026-07-19 18:17:18,765 - preprocessing - INFO - Split complete. Train shape: (15, 19), Test shape: (5, 19)
2026-07-19 18:17:18,766 - preprocessing - INFO - Initializing ColumnTransformer preprocessing pipeline...
2026-07-19 18:17:18,766 - preprocessing - INFO - Fitting and transforming training features...
2026-07-19 18:17:18,789 - preprocessing - INFO - Transforming testing features...
2026-07-19 18:17:18,803 - preprocessing - INFO - Preprocessing completed. Encoded features dimensionality: 5
2026-07-19 18:17:18,812 - preprocessing - INFO - Cleaning raw dataset...
2026-07-19 18:17:18,817 - preprocessing - INFO - Data cleaning completed successfully.
2026-07-19 18:17:18,818 - preprocessing - INFO - Splitting data with test_size=0.25, stratifying on 'Churn'...
2026-07-19 18:17:18,826 - preprocessing - INFO - Split complete. Train shape: (15, 19), Test shape: (5, 19)
2026-07-19 18:17:18,827 - preprocessing - INFO - Initializing ColumnTransformer preprocessing pipeline...
2026-07-19 18:17:18,827 - preprocessing - INFO - Fitting and transforming training features...
2026-07-19 18:17:18,849 - preprocessing - INFO - Transforming testing features...
2026-07-19 18:17:18,861 - preprocessing - INFO - Preprocessing completed. Encoded features dimensionality: 5
2026-07-19 18:17:18,874 - preprocessing - INFO - Cleaning raw dataset...
2026-07-19 18:17:18,879 - preprocessing - INFO - Data cleaning completed successfully.
2026-07-19 18:17:18,880 - preprocessing - INFO - Splitting data with test_size=0.25, stratifying on 'Churn'...
2026-07-19 18:17:18,889 - preprocessing - INFO - Split complete. Train shape: (15, 19), Test shape: (5, 19)
2026-07-19 18:17:18,891 - preprocessing - INFO - Initializing ColumnTransformer preprocessing pipeline...
2026-07-19 18:17:18,891 - preprocessing - INFO - Fitting and transforming training features...
2026-07-19 18:17:18,912 - preprocessing - INFO - Transforming testing features...
2026-07-19 18:17:18,928 - preprocessing - INFO - Preprocessing completed. Encoded features dimensionality: 5
2026-07-19 16:36:20,000 - preprocessing - INFO - Loading raw data from data/WA_Fn-UseC_-Telco-Customer-Churn.csv...
2026-07-19 16:36:20,026 - preprocessing - INFO - Successfully loaded data. Shape: (7043, 21)
2026-07-19 16:36:20,026 - preprocessing - INFO - Cleaning raw dataset...
2026-07-19 16:36:20,041 - preprocessing - INFO - Data cleaning completed successfully.
2026-07-19 16:36:20,075 - preprocessing - INFO - Splitting data with test_size=0.2, stratifying on 'Churn'...
2026-07-19 16:36:20,088 - preprocessing - INFO - Split complete. Train shape: (5634, 34), Test shape: (1409, 34)
2026-07-19 16:36:20,088 - preprocessing - INFO - Initializing ColumnTransformer preprocessing pipeline...
2026-07-19 16:36:20,089 - preprocessing - INFO - Fitting and transforming training features...
2026-07-19 16:36:20,121 - preprocessing - INFO - Transforming testing features...
2026-07-19 16:36:20,134 - preprocessing - INFO - Preprocessing completed. Encoded features dimensionality: 45
2026-07-19 16:36:20,134 - train - INFO - Initializing baseline models training process...
2026-07-19 16:36:20,135 - train - INFO - Class counts in train - Negatives: 4139, Positives: 1495
2026-07-19 16:36:20,136 - train - INFO - Computed scale_pos_weight for XGBoost: 2.769
2026-07-19 16:36:20,136 - train - INFO - Fitting Logistic Regression baseline model...
2026-07-19 16:36:20,185 - train - INFO - Fitting Random Forest baseline model...
2026-07-19 16:36:20,925 - train - INFO - Fitting XGBoost baseline model...
2026-07-19 16:36:21,094 - train - INFO - Baseline model training completed successfully.
2026-07-19 16:44:46,387 - preprocessing - INFO - Loading raw data from data/WA_Fn-UseC_-Telco-Customer-Churn.csv...
2026-07-19 16:44:46,459 - preprocessing - INFO - Successfully loaded data. Shape: (7043, 21)
2026-07-19 16:44:46,459 - preprocessing - INFO - Cleaning raw dataset...
2026-07-19 16:44:46,467 - preprocessing - INFO - Data cleaning completed successfully.
2026-07-19 16:44:46,497 - preprocessing - INFO - Splitting data with test_size=0.2, stratifying on 'Churn'...
2026-07-19 16:44:46,508 - preprocessing - INFO - Split complete. Train shape: (5634, 34), Test shape: (1409, 34)
2026-07-19 16:44:46,508 - preprocessing - INFO - Initializing ColumnTransformer preprocessing pipeline...
2026-07-19 16:44:46,508 - preprocessing - INFO - Fitting and transforming training features...
2026-07-19 16:44:46,539 - preprocessing - INFO - Transforming testing features...
2026-07-19 16:44:46,549 - preprocessing - INFO - Preprocessing completed. Encoded features dimensionality: 45
2026-07-19 16:44:46,549 - train - INFO - Initializing baseline models training process...
2026-07-19 16:44:46,550 - train - INFO - Class counts in train - Negatives: 4139, Positives: 1495
2026-07-19 16:44:46,550 - train - INFO - Computed scale_pos_weight for XGBoost: 2.769
2026-07-19 16:44:46,550 - train - INFO - Fitting Logistic Regression baseline model...
2026-07-19 16:44:46,610 - train - INFO - Fitting Random Forest baseline model...
2026-07-19 16:44:47,391 - train - INFO - Fitting XGBoost baseline model...
2026-07-19 16:44:47,553 - train - INFO - Baseline model training completed successfully.
2026-07-19 16:48:11,253 - preprocessing - INFO - Loading raw data from data/WA_Fn-UseC_-Telco-Customer-Churn.csv...
2026-07-19 16:48:11,310 - preprocessing - INFO - Successfully loaded data. Shape: (7043, 21)
2026-07-19 16:48:11,311 - preprocessing - INFO - Cleaning raw dataset...
2026-07-19 16:48:11,317 - preprocessing - INFO - Data cleaning completed successfully.
2026-07-19 16:48:11,342 - preprocessing - INFO - Splitting data with test_size=0.2, stratifying on 'Churn'...
2026-07-19 16:48:11,365 - preprocessing - INFO - Split complete. Train shape: (5634, 34), Test shape: (1409, 34)
2026-07-19 16:48:11,366 - preprocessing - INFO - Initializing ColumnTransformer preprocessing pipeline...
2026-07-19 16:48:11,366 - preprocessing - INFO - Fitting and transforming training features...
2026-07-19 16:48:11,407 - preprocessing - INFO - Transforming testing features...
2026-07-19 16:48:11,416 - preprocessing - INFO - Preprocessing completed. Encoded features dimensionality: 45
2026-07-19 16:48:11,416 - train - INFO - Initializing baseline models training process...
2026-07-19 16:48:11,417 - train - INFO - Class counts in train - Negatives: 4139, Positives: 1495
2026-07-19 16:48:11,417 - train - INFO - Computed scale_pos_weight for XGBoost: 2.769
2026-07-19 16:48:11,417 - train - INFO - Fitting Logistic Regression baseline model...
2026-07-19 16:48:11,464 - train - INFO - Fitting Random Forest baseline model...
2026-07-19 16:48:12,265 - train - INFO - Fitting XGBoost baseline model...
2026-07-19 16:48:12,432 - train - INFO - Baseline model training completed successfully.
2026-07-24 07:25:05,817 - preprocessing - INFO - Loading raw data from data/WA_Fn-UseC_-Telco-Customer-Churn.csv...
2026-07-24 07:25:06,594 - preprocessing - INFO - Successfully loaded data. Shape: (7043, 21)
2026-07-24 07:25:06,594 - preprocessing - INFO - Cleaning raw dataset...
2026-07-24 07:25:06,603 - preprocessing - INFO - Data cleaning completed successfully.
2026-07-24 07:25:06,635 - preprocessing - INFO - Splitting data with test_size=0.2, stratifying on 'Churn'...
2026-07-24 07:25:06,666 - preprocessing - INFO - Split complete. Train shape: (5634, 34), Test shape: (1409, 34)
2026-07-24 07:25:06,667 - preprocessing - INFO - Initializing ColumnTransformer preprocessing pipeline...
2026-07-24 07:25:06,667 - preprocessing - INFO - Fitting and transforming training features...
2026-07-24 07:25:06,717 - preprocessing - INFO - Transforming testing features...
2026-07-24 07:25:06,728 - preprocessing - INFO - Preprocessing completed. Encoded features dimensionality: 45
2026-07-24 07:25:06,728 - train - INFO - Initializing baseline models training process...
2026-07-24 07:25:06,729 - train - INFO - Class counts in train - Negatives: 4139, Positives: 1495
2026-07-24 07:25:06,729 - train - INFO - Computed scale_pos_weight for XGBoost: 2.769
2026-07-24 07:25:06,729 - train - INFO - Fitting Logistic Regression baseline model...
2026-07-24 07:25:06,774 - train - INFO - Fitting Random Forest baseline model...
2026-07-24 07:25:07,692 - train - INFO - Fitting XGBoost baseline model...
2026-07-24 07:25:07,883 - train - INFO - Baseline model training completed successfully.
2026-07-24 07:30:32,417 - preprocessing - INFO - Loading raw data from data/WA_Fn-UseC_-Telco-Customer-Churn.csv...
2026-07-24 07:30:32,498 - preprocessing - INFO - Successfully loaded data. Shape: (7043, 21)
2026-07-24 07:30:32,498 - preprocessing - INFO - Cleaning raw dataset...
2026-07-24 07:30:32,508 - preprocessing - INFO - Data cleaning completed successfully.
2026-07-24 07:30:32,539 - preprocessing - INFO - Splitting data with test_size=0.2, stratifying on 'Churn'...
2026-07-24 07:30:32,570 - preprocessing - INFO - Split complete. Train shape: (5634, 34), Test shape: (1409, 34)
2026-07-24 07:30:32,571 - preprocessing - INFO - Initializing ColumnTransformer preprocessing pipeline...
2026-07-24 07:30:32,571 - preprocessing - INFO - Fitting and transforming training features...
2026-07-24 07:30:32,624 - preprocessing - INFO - Transforming testing features...
2026-07-24 07:30:32,634 - preprocessing - INFO - Preprocessing completed. Encoded features dimensionality: 45
2026-07-24 07:31:15,519 - preprocessing - INFO - Loading raw data from data/WA_Fn-UseC_-Telco-Customer-Churn.csv...
2026-07-24 07:31:15,551 - preprocessing - INFO - Successfully loaded data. Shape: (7043, 21)
2026-07-24 07:31:15,551 - preprocessing - INFO - Cleaning raw dataset...
2026-07-24 07:31:15,561 - preprocessing - INFO - Data cleaning completed successfully.
2026-07-24 07:31:15,587 - preprocessing - INFO - Splitting data with test_size=0.2, stratifying on 'Churn'...
2026-07-24 07:31:15,600 - preprocessing - INFO - Split complete. Train shape: (5634, 34), Test shape: (1409, 34)
2026-07-24 07:31:15,601 - preprocessing - INFO - Initializing ColumnTransformer preprocessing pipeline...
2026-07-24 07:31:15,601 - preprocessing - INFO - Fitting and transforming training features...
2026-07-24 07:31:15,646 - preprocessing - INFO - Transforming testing features...
2026-07-24 07:31:15,658 - preprocessing - INFO - Preprocessing completed. Encoded features dimensionality: 45
2026-07-24 07:35:31,269 - preprocessing - INFO - Loading raw data from data/WA_Fn-UseC_-Telco-Customer-Churn.csv...
2026-07-24 07:35:31,335 - preprocessing - INFO - Successfully loaded data. Shape: (7043, 21)
2026-07-24 07:35:31,335 - preprocessing - INFO - Cleaning raw dataset...
2026-07-24 07:35:31,343 - preprocessing - INFO - Data cleaning completed successfully.
2026-07-24 07:35:44,580 - preprocessing - INFO - Loading raw data from /tmp/pytest-of-root/pytest-0/test_load_data_returns_datafra0/sample.csv...
2026-07-24 07:35:44,582 - preprocessing - INFO - Successfully loaded data. Shape: (20, 21)
2026-07-24 07:35:44,584 - preprocessing - INFO - Inspecting raw DataFrame statistics...
2026-07-24 07:35:44,588 - preprocessing - INFO - DataFrame inspection completed successfully.
2026-07-24 07:35:44,590 - preprocessing - INFO - Inspecting raw DataFrame statistics...
2026-07-24 07:35:44,592 - preprocessing - INFO - DataFrame inspection completed successfully.
2026-07-24 07:35:44,594 - preprocessing - INFO - Cleaning raw dataset...
2026-07-24 07:35:44,595 - preprocessing - INFO - Data cleaning completed successfully.
2026-07-24 07:35:44,597 - preprocessing - INFO - Cleaning raw dataset...
2026-07-24 07:35:44,598 - preprocessing - INFO - Data cleaning completed successfully.
2026-07-24 07:35:44,600 - preprocessing - INFO - Cleaning raw dataset...
2026-07-24 07:35:44,601 - preprocessing - INFO - Data cleaning completed successfully.
2026-07-24 07:35:44,603 - preprocessing - INFO - Cleaning raw dataset...
2026-07-24 07:35:44,604 - preprocessing - INFO - Data cleaning completed successfully.
2026-07-24 07:35:44,607 - preprocessing - INFO - Cleaning raw dataset...
2026-07-24 07:35:44,608 - preprocessing - INFO - Data cleaning completed successfully.
2026-07-24 07:35:44,608 - preprocessing - INFO - Splitting data with test_size=0.25, stratifying on 'Churn'...
2026-07-24 07:35:44,611 - preprocessing - INFO - Split complete. Train shape: (15, 19), Test shape: (5, 19)
2026-07-24 07:35:44,613 - preprocessing - INFO - Cleaning raw dataset...
2026-07-24 07:35:44,614 - preprocessing - INFO - Data cleaning completed successfully.
2026-07-24 07:35:44,614 - preprocessing - INFO - Splitting data with test_size=0.5, stratifying on 'Churn'...
2026-07-24 07:35:44,616 - preprocessing - INFO - Split complete. Train shape: (10, 19), Test shape: (10, 19)
2026-07-24 07:35:44,618 - preprocessing - INFO - Cleaning raw dataset...
2026-07-24 07:35:44,619 - preprocessing - INFO - Data cleaning completed successfully.
2026-07-24 07:35:44,620 - preprocessing - INFO - Splitting data with test_size=0.2, stratifying on 'Churn'...
2026-07-24 07:35:44,622 - preprocessing - INFO - Split complete. Train shape: (16, 19), Test shape: (4, 19)
2026-07-24 07:35:44,622 - preprocessing - INFO - Splitting data with test_size=0.2, stratifying on 'Churn'...
2026-07-24 07:35:44,624 - preprocessing - INFO - Split complete. Train shape: (16, 19), Test shape: (4, 19)
2026-07-24 07:35:44,628 - preprocessing - INFO - Cleaning raw dataset...
2026-07-24 07:35:44,630 - preprocessing - INFO - Data cleaning completed successfully.
2026-07-24 07:35:44,630 - preprocessing - INFO - Splitting data with test_size=0.25, stratifying on 'Churn'...
2026-07-24 07:35:44,632 - preprocessing - INFO - Split complete. Train shape: (15, 19), Test shape: (5, 19)
2026-07-24 07:35:44,632 - preprocessing - INFO - Initializing ColumnTransformer preprocessing pipeline...
2026-07-24 07:35:44,632 - preprocessing - INFO - Fitting and transforming training features...
2026-07-24 07:35:44,637 - preprocessing - INFO - Transforming testing features...
2026-07-24 07:35:44,641 - preprocessing - INFO - Preprocessing completed. Encoded features dimensionality: 5
2026-07-24 07:35:44,643 - preprocessing - INFO - Cleaning raw dataset...
2026-07-24 07:35:44,645 - preprocessing - INFO - Data cleaning completed successfully.
2026-07-24 07:35:44,645 - preprocessing - INFO - Splitting data with test_size=0.25, stratifying on 'Churn'...
2026-07-24 07:35:44,647 - preprocessing - INFO - Split complete. Train shape: (15, 19), Test shape: (5, 19)
2026-07-24 07:35:44,647 - preprocessing - INFO - Initializing ColumnTransformer preprocessing pipeline...
2026-07-24 07:35:44,647 - preprocessing - INFO - Fitting and transforming training features...
2026-07-24 07:35:44,653 - preprocessing - INFO - Transforming testing features...
2026-07-24 07:35:44,656 - preprocessing - INFO - Preprocessing completed. Encoded features dimensionality: 5
2026-07-24 07:35:44,659 - preprocessing - INFO - Cleaning raw dataset...
2026-07-24 07:35:44,660 - preprocessing - INFO - Data cleaning completed successfully.
2026-07-24 07:35:44,660 - preprocessing - INFO - Splitting data with test_size=0.25, stratifying on 'Churn'...
2026-07-24 07:35:44,662 - preprocessing - INFO - Split complete. Train shape: (15, 19), Test shape: (5, 19)
2026-07-24 07:35:44,662 - preprocessing - INFO - Initializing ColumnTransformer preprocessing pipeline...
2026-07-24 07:35:44,662 - preprocessing - INFO - Fitting and transforming training features...
2026-07-24 07:35:44,667 - preprocessing - INFO - Transforming testing features...
2026-07-24 07:35:44,670 - preprocessing - INFO - Preprocessing completed. Encoded features dimensionality: 5
2026-07-24 07:35:44,672 - preprocessing - INFO - Cleaning raw dataset...
2026-07-24 07:35:44,674 - preprocessing - INFO - Data cleaning completed successfully.
2026-07-24 07:35:44,674 - preprocessing - INFO - Splitting data with test_size=0.25, stratifying on 'Churn'...
2026-07-24 07:35:44,676 - preprocessing - INFO - Split complete. Train shape: (15, 19), Test shape: (5, 19)
2026-07-24 07:35:44,676 - preprocessing - INFO - Initializing ColumnTransformer preprocessing pipeline...
2026-07-24 07:35:44,676 - preprocessing - INFO - Fitting and transforming training features...
2026-07-24 07:35:44,681 - preprocessing - INFO - Transforming testing features...
2026-07-24 07:35:44,684 - preprocessing - INFO - Preprocessing completed. Encoded features dimensionality: 5
2026-07-24 07:35:44,686 - preprocessing - INFO - Cleaning raw dataset...
2026-07-24 07:35:44,687 - preprocessing - INFO - Data cleaning completed successfully.
2026-07-24 07:35:44,687 - preprocessing - INFO - Splitting data with test_size=0.25, stratifying on 'Churn'...
2026-07-24 07:35:44,689 - preprocessing - INFO - Split complete. Train shape: (15, 19), Test shape: (5, 19)
2026-07-24 07:35:44,690 - preprocessing - INFO - Initializing ColumnTransformer preprocessing pipeline...
2026-07-24 07:35:44,690 - preprocessing - INFO - Fitting and transforming training features...
2026-07-24 07:35:44,695 - preprocessing - INFO - Transforming testing features...
2026-07-24 07:35:44,698 - preprocessing - INFO - Preprocessing completed. Encoded features dimensionality: 5
2026-07-24 07:37:59,101 - preprocessing - INFO - Loading raw data from /tmp/pytest-of-root/pytest-1/test_load_data_returns_datafra0/sample.csv...
2026-07-24 07:37:59,103 - preprocessing - INFO - Successfully loaded data. Shape: (20, 21)
2026-07-24 07:37:59,105 - preprocessing - INFO - Inspecting raw DataFrame statistics...
2026-07-24 07:37:59,107 - preprocessing - INFO - DataFrame inspection completed successfully.
2026-07-24 07:37:59,110 - preprocessing - INFO - Inspecting raw DataFrame statistics...
2026-07-24 07:37:59,112 - preprocessing - INFO - DataFrame inspection completed successfully.
2026-07-24 07:37:59,113 - preprocessing - INFO - Cleaning raw dataset...
2026-07-24 07:37:59,115 - preprocessing - INFO - Data cleaning completed successfully.
2026-07-24 07:37:59,116 - preprocessing - INFO - Cleaning raw dataset...
2026-07-24 07:37:59,118 - preprocessing - INFO - Data cleaning completed successfully.
2026-07-24 07:37:59,119 - preprocessing - INFO - Cleaning raw dataset...
2026-07-24 07:37:59,120 - preprocessing - INFO - Data cleaning completed successfully.
2026-07-24 07:37:59,122 - preprocessing - INFO - Cleaning raw dataset...
2026-07-24 07:37:59,123 - preprocessing - INFO - Data cleaning completed successfully.
2026-07-24 07:37:59,127 - preprocessing - INFO - Cleaning raw dataset...
2026-07-24 07:37:59,128 - preprocessing - INFO - Data cleaning completed successfully.
2026-07-24 07:37:59,128 - preprocessing - INFO - Splitting data with test_size=0.25, stratifying on 'Churn'...
2026-07-24 07:37:59,131 - preprocessing - INFO - Split complete. Train shape: (15, 19), Test shape: (5, 19)
2026-07-24 07:37:59,133 - preprocessing - INFO - Cleaning raw dataset...
2026-07-24 07:37:59,134 - preprocessing - INFO - Data cleaning completed successfully.
2026-07-24 07:37:59,134 - preprocessing - INFO - Splitting data with test_size=0.5, stratifying on 'Churn'...
2026-07-24 07:37:59,136 - preprocessing - INFO - Split complete. Train shape: (10, 19), Test shape: (10, 19)
2026-07-24 07:37:59,138 - preprocessing - INFO - Cleaning raw dataset...
2026-07-24 07:37:59,139 - preprocessing - INFO - Data cleaning completed successfully.
2026-07-24 07:37:59,139 - preprocessing - INFO - Splitting data with test_size=0.2, stratifying on 'Churn'...
2026-07-24 07:37:59,141 - preprocessing - INFO - Split complete. Train shape: (16, 19), Test shape: (4, 19)
2026-07-24 07:37:59,141 - preprocessing - INFO - Splitting data with test_size=0.2, stratifying on 'Churn'...
2026-07-24 07:37:59,143 - preprocessing - INFO - Split complete. Train shape: (16, 19), Test shape: (4, 19)
2026-07-24 07:37:59,147 - preprocessing - INFO - Cleaning raw dataset...
2026-07-24 07:37:59,148 - preprocessing - INFO - Data cleaning completed successfully.
2026-07-24 07:37:59,149 - preprocessing - INFO - Splitting data with test_size=0.25, stratifying on 'Churn'...
2026-07-24 07:37:59,151 - preprocessing - INFO - Split complete. Train shape: (15, 19), Test shape: (5, 19)
2026-07-24 07:37:59,151 - preprocessing - INFO - Initializing ColumnTransformer preprocessing pipeline...
2026-07-24 07:37:59,151 - preprocessing - INFO - Fitting and transforming training features...
2026-07-24 07:37:59,156 - preprocessing - INFO - Transforming testing features...
2026-07-24 07:37:59,159 - preprocessing - INFO - Preprocessing completed. Encoded features dimensionality: 5
2026-07-24 07:37:59,162 - preprocessing - INFO - Cleaning raw dataset...
2026-07-24 07:37:59,163 - preprocessing - INFO - Data cleaning completed successfully.
2026-07-24 07:37:59,163 - preprocessing - INFO - Splitting data with test_size=0.25, stratifying on 'Churn'...
2026-07-24 07:37:59,165 - preprocessing - INFO - Split complete. Train shape: (15, 19), Test shape: (5, 19)
2026-07-24 07:37:59,165 - preprocessing - INFO - Initializing ColumnTransformer preprocessing pipeline...
2026-07-24 07:37:59,165 - preprocessing - INFO - Fitting and transforming training features...
2026-07-24 07:37:59,170 - preprocessing - INFO - Transforming testing features...
2026-07-24 07:37:59,173 - preprocessing - INFO - Preprocessing completed. Encoded features dimensionality: 5
2026-07-24 07:37:59,176 - preprocessing - INFO - Cleaning raw dataset...
2026-07-24 07:37:59,177 - preprocessing - INFO - Data cleaning completed successfully.
2026-07-24 07:37:59,177 - preprocessing - INFO - Splitting data with test_size=0.25, stratifying on 'Churn'...
2026-07-24 07:37:59,179 - preprocessing - INFO - Split complete. Train shape: (15, 19), Test shape: (5, 19)
2026-07-24 07:37:59,179 - preprocessing - INFO - Initializing ColumnTransformer preprocessing pipeline...
2026-07-24 07:37:59,179 - preprocessing - INFO - Fitting and transforming training features...
2026-07-24 07:37:59,184 - preprocessing - INFO - Transforming testing features...
2026-07-24 07:37:59,187 - preprocessing - INFO - Preprocessing completed. Encoded features dimensionality: 5
2026-07-24 07:37:59,189 - preprocessing - INFO - Cleaning raw dataset...
2026-07-24 07:37:59,191 - preprocessing - INFO - Data cleaning completed successfully.
2026-07-24 07:37:59,191 - preprocessing - INFO - Splitting data with test_size=0.25, stratifying on 'Churn'...
2026-07-24 07:37:59,193 - preprocessing - INFO - Split complete. Train shape: (15, 19), Test shape: (5, 19)
2026-07-24 07:37:59,193 - preprocessing - INFO - Initializing ColumnTransformer preprocessing pipeline...
2026-07-24 07:37:59,193 - preprocessing - INFO - Fitting and transforming training features...
2026-07-24 07:37:59,198 - preprocessing - INFO - Transforming testing features...
2026-07-24 07:37:59,201 - preprocessing - INFO - Preprocessing completed. Encoded features dimensionality: 5
2026-07-24 07:37:59,203 - preprocessing - INFO - Cleaning raw dataset...
2026-07-24 07:37:59,204 - preprocessing - INFO - Data cleaning completed successfully.
2026-07-24 07:37:59,204 - preprocessing - INFO - Splitting data with test_size=0.25, stratifying on 'Churn'...
2026-07-24 07:37:59,206 - preprocessing - INFO - Split complete. Train shape: (15, 19), Test shape: (5, 19)
2026-07-24 07:37:59,207 - preprocessing - INFO - Initializing ColumnTransformer preprocessing pipeline...
2026-07-24 07:37:59,207 - preprocessing - INFO - Fitting and transforming training features...
2026-07-24 07:37:59,212 - preprocessing - INFO - Transforming testing features...
2026-07-24 07:37:59,218 - preprocessing - INFO - Preprocessing completed. Encoded features dimensionality: 5
2026-07-24 19:22:00,104 - main_pipeline - INFO - =========================================
2026-07-24 19:22:00,105 - main_pipeline - INFO - Starting Customer Churn ML Pipeline
2026-07-24 19:22:00,105 - main_pipeline - INFO - =========================================
2026-07-24 19:22:00,112 - main_pipeline - INFO - Step 1: Loading raw data from data/WA_Fn-UseC_-Telco-Customer-Churn.csv...
2026-07-24 19:22:00,113 - preprocessing - INFO - Loading raw data from data/WA_Fn-UseC_-Telco-Customer-Churn.csv...
2026-07-24 19:22:00,172 - preprocessing - INFO - Successfully loaded data. Shape: (7043, 21)
2026-07-24 19:22:00,173 - main_pipeline - INFO - Step 2: Cleaning raw dataset...
2026-07-24 19:22:00,173 - preprocessing - INFO - Cleaning raw dataset...
2026-07-24 19:22:00,189 - preprocessing - INFO - Data cleaning completed successfully.
2026-07-24 19:22:00,190 - main_pipeline - INFO - Step 3: Generating EDA plots...
2026-07-24 19:22:00,190 - generate_eda - INFO - Loading data for EDA from data/WA_Fn-UseC_-Telco-Customer-Churn.csv...
2026-07-24 19:22:00,190 - preprocessing - INFO - Loading raw data from data/WA_Fn-UseC_-Telco-Customer-Churn.csv...
2026-07-24 19:22:00,241 - preprocessing - INFO - Successfully loaded data. Shape: (7043, 21)
2026-07-24 19:22:00,241 - preprocessing - INFO - Cleaning raw dataset...
2026-07-24 19:22:00,252 - preprocessing - INFO - Data cleaning completed successfully.
2026-07-24 19:22:00,252 - generate_eda - INFO - EDA plots will be saved to outputs/plots/
2026-07-24 19:22:08,412 - generate_eda - INFO - All 13 EDA plots successfully generated and saved.
2026-07-24 19:22:08,412 - main_pipeline - INFO - Step 3b: Running formal hypothesis significance tests...
2026-07-24 19:22:08,496 - main_pipeline - INFO - Hypothesis test [fiber_vs_dsl_churn]: {'group_col': 'InternetService', 'chi2_statistic': 328.26345137397004, 'dof': 1, 'p_value': 2.2962170975696955e-73, 'churn_rates': {'DSL': 0.1895910780669145, 'Fiber optic': 0.4189276485788114}, 'significant': True}
2026-07-24 19:22:08,496 - main_pipeline - INFO - Hypothesis test [partner_vs_churn]: {'group_col': 'Partner', 'chi2_statistic': 158.7333820309922, 'dof': 1, 'p_value': 2.1399113440759935e-36, 'churn_rates': {'No': 0.32957978577313923, 'Yes': 0.1966490299823633}, 'significant': True}
2026-07-24 19:22:08,496 - main_pipeline - INFO - Hypothesis test [monthly_charges_vs_churn]: {'numeric_col': 'MonthlyCharges', 't_statistic': 18.407526676414673, 'p_value': 8.592449331547067e-73, 'mean_churn': 74.44133226324237, 'mean_no_churn': 61.26512369540008, 'significant': True}
2026-07-24 19:22:08,496 - main_pipeline - INFO - Step 4: Creating engineered features...
2026-07-24 19:22:08,524 - main_pipeline - INFO - Step 5: Performing stratified Train-Test Split...
2026-07-24 19:22:08,524 - preprocessing - INFO - Splitting data with test_size=0.2, stratifying on 'Churn'...
2026-07-24 19:22:08,612 - preprocessing - INFO - Split complete. Train shape: (5634, 34), Test shape: (1409, 34)
2026-07-24 19:22:08,612 - main_pipeline - INFO - Step 6: Preprocessing features (scaling & encoding)...
2026-07-24 19:22:08,612 - preprocessing - INFO - Initializing ColumnTransformer preprocessing pipeline...
2026-07-24 19:22:08,612 - preprocessing - INFO - Fitting and transforming training features...
2026-07-24 19:22:08,721 - preprocessing - INFO - Transforming testing features...
2026-07-24 19:22:08,746 - preprocessing - INFO - Preprocessing completed. Encoded features dimensionality: 45
2026-07-24 19:22:08,747 - main_pipeline - INFO - Step 7: Training baseline models (LR, RF, XGB)...
2026-07-24 19:22:08,747 - train - INFO - Initializing baseline models training process...
2026-07-24 19:22:08,748 - train - INFO - Class counts in train - Negatives: 4139, Positives: 1495
2026-07-24 19:22:08,748 - train - INFO - Computed scale_pos_weight for XGBoost: 2.769
2026-07-24 19:22:08,748 - train - INFO - Fitting Logistic Regression baseline model...
2026-07-24 19:22:08,815 - train - INFO - Fitting Random Forest baseline model...
2026-07-24 19:22:09,841 - train - INFO - Fitting XGBoost baseline model...
2026-07-24 19:22:11,023 - train - INFO - Baseline model training completed successfully.
2026-07-24 19:22:11,023 - main_pipeline - INFO - Step 8: Evaluating baseline models...
2026-07-24 19:22:12,063 - experiment_tracker - INFO - Logging experiment run 'Baseline Logistic Regression' to local JSON registry...
2026-07-24 19:22:12,065 - experiment_tracker - INFO - Local logging complete. Registry has 11 total entries.
2026-07-24 19:22:12,065 - experiment_tracker - INFO - MLflow package not installed or import failed. Skipping MLflow tracking.
2026-07-24 19:22:15,868 - experiment_tracker - INFO - Logging experiment run 'Baseline Random Forest' to local JSON registry...
2026-07-24 19:22:15,899 - experiment_tracker - INFO - Local logging complete. Registry has 12 total entries.
2026-07-24 19:22:15,899 - experiment_tracker - INFO - MLflow package not installed or import failed. Skipping MLflow tracking.
2026-07-24 19:22:17,674 - experiment_tracker - INFO - Logging experiment run 'Baseline XGBoost' to local JSON registry...
2026-07-24 19:22:17,706 - experiment_tracker - INFO - Local logging complete. Registry has 13 total entries.
2026-07-24 19:22:17,707 - experiment_tracker - INFO - MLflow package not installed or import failed. Skipping MLflow tracking.
2026-07-24 19:22:17,707 - main_pipeline - INFO - Step 8b: Saving Logistic Regression as the deployed app/API model...
2026-07-24 19:22:17,709 - main_pipeline - INFO - Step 8b: Running cost-sensitive threshold optimization for Logistic Regression...
2026-07-24 19:22:17,788 - main_pipeline - INFO - Saved models/logistic_regression_model.joblib (deployed app/API model).
2026-07-24 19:22:17,788 - main_pipeline - INFO - Step 9: Tuning Random Forest & XGBoost via GridSearchCV...
2026-07-24 19:22:17,788 - train - INFO - Starting hyperparameter tuning process...
2026-07-24 19:22:17,789 - train - INFO - Tuning Random Forest via 5-Fold GridSearchCV using grid: {'n_estimators': [100, 200], 'max_depth': [5, 8, None], 'min_samples_split': [2, 5]}
2026-07-24 19:22:30,416 - train - INFO - Random Forest Tuning Complete. Best Params: {'max_depth': 5, 'min_samples_split': 2, 'n_estimators': 100}
2026-07-24 19:22:30,416 - train - INFO - Random Forest Best CV ROC-AUC: 0.8432
2026-07-24 19:22:30,416 - train - INFO - Tuning XGBoost via 5-Fold GridSearchCV using grid: {'n_estimators': [100, 200], 'max_depth': [3, 5], 'learning_rate': [0.05, 0.1]}
2026-07-24 19:22:32,327 - train - INFO - XGBoost Tuning Complete. Best Params: {'learning_rate': 0.05, 'max_depth': 3, 'n_estimators': 100}
2026-07-24 19:22:32,327 - train - INFO - XGBoost Best CV ROC-AUC: 0.8439
2026-07-24 19:22:32,327 - train - INFO - Hyperparameter tuning process completed successfully.
2026-07-24 19:22:32,328 - main_pipeline - INFO - Step 10: Evaluating tuned models...
2026-07-24 19:22:34,460 - experiment_tracker - INFO - Logging experiment run 'Tuned Random Forest' to local JSON registry...
2026-07-24 19:22:34,489 - experiment_tracker - INFO - Local logging complete. Registry has 14 total entries.
2026-07-24 19:22:34,489 - experiment_tracker - INFO - MLflow package not installed or import failed. Skipping MLflow tracking.
2026-07-24 19:22:35,398 - experiment_tracker - INFO - Logging experiment run 'Tuned XGBoost' to local JSON registry...
2026-07-24 19:22:35,419 - experiment_tracker - INFO - Local logging complete. Registry has 15 total entries.
2026-07-24 19:22:35,420 - experiment_tracker - INFO - MLflow package not installed or import failed. Skipping MLflow tracking.
2026-07-24 19:22:35,420 - main_pipeline - INFO - Step 10b: Computing naive majority-class baseline...
2026-07-24 19:22:35,434 - main_pipeline - INFO - Step 11: Compiling comparison metrics report...
2026-07-24 19:22:35,446 - main_pipeline - INFO - 
                               Accuracy  Precision  Recall  F1_Score  ROC_AUC  CV_Accuracy  CV_ROC_AUC
Logistic Regression              0.7381     0.5042  0.8048    0.6200   0.8461       0.7538      0.8485
Tuned XGBoost                    0.7438     0.5112  0.7914    0.6212   0.8441       0.7526      0.8439
Tuned Random Forest              0.7466     0.5151  0.7754    0.6190   0.8398       0.7579      0.8432
XGBoost                          0.7722     0.5590  0.6711    0.6100   0.8273       0.7646      0.8148
Random Forest                    0.7622     0.5430  0.6578    0.5949   0.8270       0.7762      0.8245
Naive Majority-Class Baseline    0.7346     0.0000  0.0000    0.0000   0.5000          NaN         NaN
2026-07-24 19:22:35,446 - main_pipeline - INFO - Step 12: Selected registry champion model: Tuned XGBoost
2026-07-24 19:22:35,452 - main_pipeline - INFO - Saved best model and preprocessing pipeline to models/
2026-07-24 19:22:35,459 - main_pipeline - INFO - Successfully registered model version v1 in models/registry/v1
2026-07-24 19:22:35,459 - main_pipeline - INFO - Step 13: Running SHAP explainability on best model...
2026-07-24 19:22:37,007 - main_pipeline - INFO - SHAP plots saved to outputs/plots/
2026-07-24 19:22:37,008 - main_pipeline - INFO - Step 13b: Comparing feature importance across RF, XGBoost, and SHAP...
2026-07-24 19:22:37,011 - compare_feature_importance - INFO - Reloading data and re-fitting tuned RF/XGBoost for importance comparison...
2026-07-24 19:22:37,011 - preprocessing - INFO - Loading raw data from data/WA_Fn-UseC_-Telco-Customer-Churn.csv...
2026-07-24 19:22:37,043 - preprocessing - INFO - Successfully loaded data. Shape: (7043, 21)
2026-07-24 19:22:37,043 - preprocessing - INFO - Cleaning raw dataset...
2026-07-24 19:22:37,051 - preprocessing - INFO - Data cleaning completed successfully.
2026-07-24 19:22:37,083 - preprocessing - INFO - Splitting data with test_size=0.2, stratifying on 'Churn'...
2026-07-24 19:22:37,099 - preprocessing - INFO - Split complete. Train shape: (5634, 34), Test shape: (1409, 34)
2026-07-24 19:22:37,099 - preprocessing - INFO - Initializing ColumnTransformer preprocessing pipeline...
2026-07-24 19:22:37,099 - preprocessing - INFO - Fitting and transforming training features...
2026-07-24 19:22:37,149 - preprocessing - INFO - Transforming testing features...
2026-07-24 19:22:37,166 - preprocessing - INFO - Preprocessing completed. Encoded features dimensionality: 45
2026-07-24 19:22:37,166 - train - INFO - Starting hyperparameter tuning process...
2026-07-24 19:22:37,167 - train - INFO - Tuning Random Forest via 5-Fold GridSearchCV using grid: {'n_estimators': [100, 200], 'max_depth': [5, 8, None], 'min_samples_split': [2, 5]}
2026-07-24 19:22:42,890 - train - INFO - Random Forest Tuning Complete. Best Params: {'max_depth': 5, 'min_samples_split': 2, 'n_estimators': 100}
2026-07-24 19:22:42,890 - train - INFO - Random Forest Best CV ROC-AUC: 0.8432
2026-07-24 19:22:42,890 - train - INFO - Tuning XGBoost via 5-Fold GridSearchCV using grid: {'n_estimators': [100, 200], 'max_depth': [3, 5], 'learning_rate': [0.05, 0.1]}
2026-07-24 19:22:44,131 - train - INFO - XGBoost Tuning Complete. Best Params: {'learning_rate': 0.05, 'max_depth': 3, 'n_estimators': 100}
2026-07-24 19:22:44,131 - train - INFO - XGBoost Best CV ROC-AUC: 0.8439
2026-07-24 19:22:44,132 - train - INFO - Hyperparameter tuning process completed successfully.
2026-07-24 19:22:44,169 - compare_feature_importance - INFO - Saved feature_importance_comparison.csv
2026-07-24 19:22:44,527 - compare_feature_importance - INFO - Saved feature_importance_comparison.png
2026-07-24 19:22:44,532 - compare_feature_importance - INFO - Rank correlation RF vs XGB: 0.365
2026-07-24 19:22:44,532 - compare_feature_importance - INFO - Rank correlation XGB vs SHAP: 0.937
2026-07-24 19:22:44,532 - compare_feature_importance - INFO - Rank correlation RF vs SHAP: 0.357
2026-07-24 19:22:44,538 - main_pipeline - INFO - Feature importance comparison completed.
2026-07-24 19:22:44,538 - main_pipeline - INFO - =========================================
2026-07-24 19:22:44,539 - main_pipeline - INFO - Customer Churn ML Pipeline Completed Successfully
2026-07-24 19:22:44,539 - main_pipeline - INFO - =========================================
2026-07-24 19:24:49,369 - preprocessing - INFO - Loading raw data from C:\Users\sisir\AppData\Local\Temp\pytest-of-Sisira\pytest-0\test_load_data_returns_datafra0\sample.csv...
2026-07-24 19:24:49,410 - preprocessing - INFO - Successfully loaded data. Shape: (20, 21)
2026-07-24 19:24:49,421 - preprocessing - INFO - Inspecting raw DataFrame statistics...
2026-07-24 19:24:49,439 - preprocessing - INFO - DataFrame inspection completed successfully.
2026-07-24 19:24:49,453 - preprocessing - INFO - Inspecting raw DataFrame statistics...
2026-07-24 19:24:49,462 - preprocessing - INFO - DataFrame inspection completed successfully.
2026-07-24 19:24:49,470 - preprocessing - INFO - Cleaning raw dataset...
2026-07-24 19:24:49,476 - preprocessing - INFO - Data cleaning completed successfully.
2026-07-24 19:24:49,485 - preprocessing - INFO - Cleaning raw dataset...
2026-07-24 19:24:49,490 - preprocessing - INFO - Data cleaning completed successfully.
2026-07-24 19:24:49,498 - preprocessing - INFO - Cleaning raw dataset...
2026-07-24 19:24:49,504 - preprocessing - INFO - Data cleaning completed successfully.
2026-07-24 19:24:49,514 - preprocessing - INFO - Cleaning raw dataset...
2026-07-24 19:24:49,519 - preprocessing - INFO - Data cleaning completed successfully.
2026-07-24 19:24:49,543 - preprocessing - INFO - Cleaning raw dataset...
2026-07-24 19:24:49,548 - preprocessing - INFO - Data cleaning completed successfully.
2026-07-24 19:24:49,549 - preprocessing - INFO - Splitting data with test_size=0.25, stratifying on 'Churn'...
2026-07-24 19:24:49,562 - preprocessing - INFO - Split complete. Train shape: (15, 19), Test shape: (5, 19)
2026-07-24 19:24:49,571 - preprocessing - INFO - Cleaning raw dataset...
2026-07-24 19:24:49,577 - preprocessing - INFO - Data cleaning completed successfully.
2026-07-24 19:24:49,578 - preprocessing - INFO - Splitting data with test_size=0.5, stratifying on 'Churn'...
2026-07-24 19:24:49,592 - preprocessing - INFO - Split complete. Train shape: (10, 19), Test shape: (10, 19)
2026-07-24 19:24:49,601 - preprocessing - INFO - Cleaning raw dataset...
2026-07-24 19:24:49,607 - preprocessing - INFO - Data cleaning completed successfully.
2026-07-24 19:24:49,607 - preprocessing - INFO - Splitting data with test_size=0.2, stratifying on 'Churn'...
2026-07-24 19:24:49,621 - preprocessing - INFO - Split complete. Train shape: (16, 19), Test shape: (4, 19)
2026-07-24 19:24:49,622 - preprocessing - INFO - Splitting data with test_size=0.2, stratifying on 'Churn'...
2026-07-24 19:24:49,635 - preprocessing - INFO - Split complete. Train shape: (16, 19), Test shape: (4, 19)
2026-07-24 19:24:49,670 - preprocessing - INFO - Cleaning raw dataset...
2026-07-24 19:24:49,675 - preprocessing - INFO - Data cleaning completed successfully.
2026-07-24 19:24:49,676 - preprocessing - INFO - Splitting data with test_size=0.25, stratifying on 'Churn'...
2026-07-24 19:24:49,689 - preprocessing - INFO - Split complete. Train shape: (15, 19), Test shape: (5, 19)
2026-07-24 19:24:49,690 - preprocessing - INFO - Initializing ColumnTransformer preprocessing pipeline...
2026-07-24 19:24:49,691 - preprocessing - INFO - Fitting and transforming training features...
2026-07-24 19:24:49,715 - preprocessing - INFO - Transforming testing features...
2026-07-24 19:24:49,732 - preprocessing - INFO - Preprocessing completed. Encoded features dimensionality: 5
2026-07-24 19:24:49,742 - preprocessing - INFO - Cleaning raw dataset...
2026-07-24 19:24:49,749 - preprocessing - INFO - Data cleaning completed successfully.
2026-07-24 19:24:49,749 - preprocessing - INFO - Splitting data with test_size=0.25, stratifying on 'Churn'...
2026-07-24 19:24:49,762 - preprocessing - INFO - Split complete. Train shape: (15, 19), Test shape: (5, 19)
2026-07-24 19:24:49,763 - preprocessing - INFO - Initializing ColumnTransformer preprocessing pipeline...
2026-07-24 19:24:49,764 - preprocessing - INFO - Fitting and transforming training features...
2026-07-24 19:24:49,788 - preprocessing - INFO - Transforming testing features...
2026-07-24 19:24:49,805 - preprocessing - INFO - Preprocessing completed. Encoded features dimensionality: 5
2026-07-24 19:24:49,816 - preprocessing - INFO - Cleaning raw dataset...
2026-07-24 19:24:49,822 - preprocessing - INFO - Data cleaning completed successfully.
2026-07-24 19:24:49,823 - preprocessing - INFO - Splitting data with test_size=0.25, stratifying on 'Churn'...
2026-07-24 19:24:49,836 - preprocessing - INFO - Split complete. Train shape: (15, 19), Test shape: (5, 19)
2026-07-24 19:24:49,836 - preprocessing - INFO - Initializing ColumnTransformer preprocessing pipeline...
2026-07-24 19:24:49,837 - preprocessing - INFO - Fitting and transforming training features...
2026-07-24 19:24:49,862 - preprocessing - INFO - Transforming testing features...
2026-07-24 19:24:49,878 - preprocessing - INFO - Preprocessing completed. Encoded features dimensionality: 5
2026-07-24 19:24:49,886 - preprocessing - INFO - Cleaning raw dataset...
2026-07-24 19:24:49,892 - preprocessing - INFO - Data cleaning completed successfully.
2026-07-24 19:24:49,892 - preprocessing - INFO - Splitting data with test_size=0.25, stratifying on 'Churn'...
2026-07-24 19:24:49,904 - preprocessing - INFO - Split complete. Train shape: (15, 19), Test shape: (5, 19)
2026-07-24 19:24:49,905 - preprocessing - INFO - Initializing ColumnTransformer preprocessing pipeline...
2026-07-24 19:24:49,905 - preprocessing - INFO - Fitting and transforming training features...
2026-07-24 19:24:49,929 - preprocessing - INFO - Transforming testing features...
2026-07-24 19:24:49,944 - preprocessing - INFO - Preprocessing completed. Encoded features dimensionality: 5
2026-07-24 19:24:49,953 - preprocessing - INFO - Cleaning raw dataset...
2026-07-24 19:24:49,959 - preprocessing - INFO - Data cleaning completed successfully.
2026-07-24 19:24:49,960 - preprocessing - INFO - Splitting data with test_size=0.25, stratifying on 'Churn'...
2026-07-24 19:24:49,973 - preprocessing - INFO - Split complete. Train shape: (15, 19), Test shape: (5, 19)
2026-07-24 19:24:49,975 - preprocessing - INFO - Initializing ColumnTransformer preprocessing pipeline...
2026-07-24 19:24:49,975 - preprocessing - INFO - Fitting and transforming training features...
2026-07-24 19:24:49,997 - preprocessing - INFO - Transforming testing features...
2026-07-24 19:24:50,011 - preprocessing - INFO - Preprocessing completed. Encoded features dimensionality: 5
2026-07-24 19:41:27,487 - preprocessing - INFO - Loading raw data from data/WA_Fn-UseC_-Telco-Customer-Churn.csv...
2026-07-24 19:41:27,666 - preprocessing - INFO - Successfully loaded data. Shape: (7043, 21)
2026-07-24 19:41:27,667 - preprocessing - INFO - Cleaning raw dataset...
2026-07-24 19:41:27,693 - preprocessing - INFO - Data cleaning completed successfully.
2026-07-24 19:45:29,762 - preprocessing - INFO - Loading raw data from C:\Users\sisir\AppData\Local\Temp\pytest-of-Sisira\pytest-1\test_load_data_returns_datafra0\sample.csv...
2026-07-24 19:45:29,779 - preprocessing - INFO - Successfully loaded data. Shape: (20, 21)
2026-07-24 19:45:29,787 - preprocessing - INFO - Inspecting raw DataFrame statistics...
2026-07-24 19:45:29,800 - preprocessing - INFO - DataFrame inspection completed successfully.
2026-07-24 19:45:29,813 - preprocessing - INFO - Inspecting raw DataFrame statistics...
2026-07-24 19:45:29,826 - preprocessing - INFO - DataFrame inspection completed successfully.
2026-07-24 19:45:29,834 - preprocessing - INFO - Cleaning raw dataset...
2026-07-24 19:45:29,841 - preprocessing - INFO - Data cleaning completed successfully.
2026-07-24 19:45:29,850 - preprocessing - INFO - Cleaning raw dataset...
2026-07-24 19:45:29,856 - preprocessing - INFO - Data cleaning completed successfully.
2026-07-24 19:45:29,865 - preprocessing - INFO - Cleaning raw dataset...
2026-07-24 19:45:29,871 - preprocessing - INFO - Data cleaning completed successfully.
2026-07-24 19:45:29,881 - preprocessing - INFO - Cleaning raw dataset...
2026-07-24 19:45:29,887 - preprocessing - INFO - Data cleaning completed successfully.
2026-07-24 19:45:29,910 - preprocessing - INFO - Cleaning raw dataset...
2026-07-24 19:45:29,917 - preprocessing - INFO - Data cleaning completed successfully.
2026-07-24 19:45:29,917 - preprocessing - INFO - Splitting data with test_size=0.25, stratifying on 'Churn'...
2026-07-24 19:45:29,931 - preprocessing - INFO - Split complete. Train shape: (15, 19), Test shape: (5, 19)
2026-07-24 19:45:29,940 - preprocessing - INFO - Cleaning raw dataset...
2026-07-24 19:45:29,946 - preprocessing - INFO - Data cleaning completed successfully.
2026-07-24 19:45:29,948 - preprocessing - INFO - Splitting data with test_size=0.5, stratifying on 'Churn'...
2026-07-24 19:45:29,961 - preprocessing - INFO - Split complete. Train shape: (10, 19), Test shape: (10, 19)
2026-07-24 19:45:29,970 - preprocessing - INFO - Cleaning raw dataset...
2026-07-24 19:45:29,977 - preprocessing - INFO - Data cleaning completed successfully.
2026-07-24 19:45:29,977 - preprocessing - INFO - Splitting data with test_size=0.2, stratifying on 'Churn'...
2026-07-24 19:45:29,991 - preprocessing - INFO - Split complete. Train shape: (16, 19), Test shape: (4, 19)
2026-07-24 19:45:29,992 - preprocessing - INFO - Splitting data with test_size=0.2, stratifying on 'Churn'...
2026-07-24 19:45:30,004 - preprocessing - INFO - Split complete. Train shape: (16, 19), Test shape: (4, 19)
2026-07-24 19:45:30,035 - preprocessing - INFO - Cleaning raw dataset...
2026-07-24 19:45:30,041 - preprocessing - INFO - Data cleaning completed successfully.
2026-07-24 19:45:30,041 - preprocessing - INFO - Splitting data with test_size=0.25, stratifying on 'Churn'...
2026-07-24 19:45:30,053 - preprocessing - INFO - Split complete. Train shape: (15, 19), Test shape: (5, 19)
2026-07-24 19:45:30,054 - preprocessing - INFO - Initializing ColumnTransformer preprocessing pipeline...
2026-07-24 19:45:30,054 - preprocessing - INFO - Fitting and transforming training features...
2026-07-24 19:45:30,075 - preprocessing - INFO - Transforming testing features...
2026-07-24 19:45:30,092 - preprocessing - INFO - Preprocessing completed. Encoded features dimensionality: 5
2026-07-24 19:45:30,102 - preprocessing - INFO - Cleaning raw dataset...
2026-07-24 19:45:30,107 - preprocessing - INFO - Data cleaning completed successfully.
2026-07-24 19:45:30,108 - preprocessing - INFO - Splitting data with test_size=0.25, stratifying on 'Churn'...
2026-07-24 19:45:30,119 - preprocessing - INFO - Split complete. Train shape: (15, 19), Test shape: (5, 19)
2026-07-24 19:45:30,119 - preprocessing - INFO - Initializing ColumnTransformer preprocessing pipeline...
2026-07-24 19:45:30,120 - preprocessing - INFO - Fitting and transforming training features...
2026-07-24 19:45:30,141 - preprocessing - INFO - Transforming testing features...
2026-07-24 19:45:30,156 - preprocessing - INFO - Preprocessing completed. Encoded features dimensionality: 5
2026-07-24 19:45:30,166 - preprocessing - INFO - Cleaning raw dataset...
2026-07-24 19:45:30,173 - preprocessing - INFO - Data cleaning completed successfully.
2026-07-24 19:45:30,173 - preprocessing - INFO - Splitting data with test_size=0.25, stratifying on 'Churn'...
2026-07-24 19:45:30,187 - preprocessing - INFO - Split complete. Train shape: (15, 19), Test shape: (5, 19)
2026-07-24 19:45:30,188 - preprocessing - INFO - Initializing ColumnTransformer preprocessing pipeline...
2026-07-24 19:45:30,188 - preprocessing - INFO - Fitting and transforming training features...
2026-07-24 19:45:30,211 - preprocessing - INFO - Transforming testing features...
2026-07-24 19:45:30,225 - preprocessing - INFO - Preprocessing completed. Encoded features dimensionality: 5
2026-07-24 19:45:30,234 - preprocessing - INFO - Cleaning raw dataset...
2026-07-24 19:45:30,240 - preprocessing - INFO - Data cleaning completed successfully.
2026-07-24 19:45:30,240 - preprocessing - INFO - Splitting data with test_size=0.25, stratifying on 'Churn'...
2026-07-24 19:45:30,253 - preprocessing - INFO - Split complete. Train shape: (15, 19), Test shape: (5, 19)
2026-07-24 19:45:30,253 - preprocessing - INFO - Initializing ColumnTransformer preprocessing pipeline...
2026-07-24 19:45:30,254 - preprocessing - INFO - Fitting and transforming training features...
2026-07-24 19:45:30,278 - preprocessing - INFO - Transforming testing features...
2026-07-24 19:45:30,294 - preprocessing - INFO - Preprocessing completed. Encoded features dimensionality: 5
2026-07-24 19:45:30,304 - preprocessing - INFO - Cleaning raw dataset...
2026-07-24 19:45:30,309 - preprocessing - INFO - Data cleaning completed successfully.
2026-07-24 19:45:30,309 - preprocessing - INFO - Splitting data with test_size=0.25, stratifying on 'Churn'...
2026-07-24 19:45:30,320 - preprocessing - INFO - Split complete. Train shape: (15, 19), Test shape: (5, 19)
2026-07-24 19:45:30,322 - preprocessing - INFO - Initializing ColumnTransformer preprocessing pipeline...
2026-07-24 19:45:30,323 - preprocessing - INFO - Fitting and transforming training features...
2026-07-24 19:45:30,344 - preprocessing - INFO - Transforming testing features...
2026-07-24 19:45:30,361 - preprocessing - INFO - Preprocessing completed. Encoded features dimensionality: 5
2026-07-24 19:48:50,945 - preprocessing - INFO - Loading raw data from C:\Users\sisir\AppData\Local\Temp\pytest-of-Sisira\pytest-2\test_load_data_returns_datafra0\sample.csv...
2026-07-24 19:48:50,960 - preprocessing - INFO - Successfully loaded data. Shape: (20, 21)
2026-07-24 19:48:50,968 - preprocessing - INFO - Inspecting raw DataFrame statistics...
2026-07-24 19:48:50,980 - preprocessing - INFO - DataFrame inspection completed successfully.
2026-07-24 19:48:50,990 - preprocessing - INFO - Inspecting raw DataFrame statistics...
2026-07-24 19:48:50,999 - preprocessing - INFO - DataFrame inspection completed successfully.
2026-07-24 19:48:51,006 - preprocessing - INFO - Cleaning raw dataset...
2026-07-24 19:48:51,011 - preprocessing - INFO - Data cleaning completed successfully.
2026-07-24 19:48:51,019 - preprocessing - INFO - Cleaning raw dataset...
2026-07-24 19:48:51,023 - preprocessing - INFO - Data cleaning completed successfully.
2026-07-24 19:48:51,031 - preprocessing - INFO - Cleaning raw dataset...
2026-07-24 19:48:51,035 - preprocessing - INFO - Data cleaning completed successfully.
2026-07-24 19:48:51,043 - preprocessing - INFO - Cleaning raw dataset...
2026-07-24 19:48:51,048 - preprocessing - INFO - Data cleaning completed successfully.
2026-07-24 19:48:51,068 - preprocessing - INFO - Cleaning raw dataset...
2026-07-24 19:48:51,073 - preprocessing - INFO - Data cleaning completed successfully.
2026-07-24 19:48:51,073 - preprocessing - INFO - Splitting data with test_size=0.25, stratifying on 'Churn'...
2026-07-24 19:48:51,087 - preprocessing - INFO - Split complete. Train shape: (15, 19), Test shape: (5, 19)
2026-07-24 19:48:51,095 - preprocessing - INFO - Cleaning raw dataset...
2026-07-24 19:48:51,101 - preprocessing - INFO - Data cleaning completed successfully.
2026-07-24 19:48:51,102 - preprocessing - INFO - Splitting data with test_size=0.5, stratifying on 'Churn'...
2026-07-24 19:48:51,113 - preprocessing - INFO - Split complete. Train shape: (10, 19), Test shape: (10, 19)
2026-07-24 19:48:51,122 - preprocessing - INFO - Cleaning raw dataset...
2026-07-24 19:48:51,127 - preprocessing - INFO - Data cleaning completed successfully.
2026-07-24 19:48:51,127 - preprocessing - INFO - Splitting data with test_size=0.2, stratifying on 'Churn'...
2026-07-24 19:48:51,139 - preprocessing - INFO - Split complete. Train shape: (16, 19), Test shape: (4, 19)
2026-07-24 19:48:51,139 - preprocessing - INFO - Splitting data with test_size=0.2, stratifying on 'Churn'...
2026-07-24 19:48:51,151 - preprocessing - INFO - Split complete. Train shape: (16, 19), Test shape: (4, 19)
2026-07-24 19:48:51,184 - preprocessing - INFO - Cleaning raw dataset...
2026-07-24 19:48:51,189 - preprocessing - INFO - Data cleaning completed successfully.
2026-07-24 19:48:51,189 - preprocessing - INFO - Splitting data with test_size=0.25, stratifying on 'Churn'...
2026-07-24 19:48:51,201 - preprocessing - INFO - Split complete. Train shape: (15, 19), Test shape: (5, 19)
2026-07-24 19:48:51,202 - preprocessing - INFO - Initializing ColumnTransformer preprocessing pipeline...
2026-07-24 19:48:51,202 - preprocessing - INFO - Fitting and transforming training features...
2026-07-24 19:48:51,225 - preprocessing - INFO - Transforming testing features...
2026-07-24 19:48:51,246 - preprocessing - INFO - Preprocessing completed. Encoded features dimensionality: 5
2026-07-24 19:48:51,256 - preprocessing - INFO - Cleaning raw dataset...
2026-07-24 19:48:51,262 - preprocessing - INFO - Data cleaning completed successfully.
2026-07-24 19:48:51,262 - preprocessing - INFO - Splitting data with test_size=0.25, stratifying on 'Churn'...
2026-07-24 19:48:51,275 - preprocessing - INFO - Split complete. Train shape: (15, 19), Test shape: (5, 19)
2026-07-24 19:48:51,276 - preprocessing - INFO - Initializing ColumnTransformer preprocessing pipeline...
2026-07-24 19:48:51,276 - preprocessing - INFO - Fitting and transforming training features...
2026-07-24 19:48:51,297 - preprocessing - INFO - Transforming testing features...
2026-07-24 19:48:51,311 - preprocessing - INFO - Preprocessing completed. Encoded features dimensionality: 5
2026-07-24 19:48:51,320 - preprocessing - INFO - Cleaning raw dataset...
2026-07-24 19:48:51,326 - preprocessing - INFO - Data cleaning completed successfully.
2026-07-24 19:48:51,326 - preprocessing - INFO - Splitting data with test_size=0.25, stratifying on 'Churn'...
2026-07-24 19:48:51,337 - preprocessing - INFO - Split complete. Train shape: (15, 19), Test shape: (5, 19)
2026-07-24 19:48:51,338 - preprocessing - INFO - Initializing ColumnTransformer preprocessing pipeline...
2026-07-24 19:48:51,338 - preprocessing - INFO - Fitting and transforming training features...
2026-07-24 19:48:51,359 - preprocessing - INFO - Transforming testing features...
2026-07-24 19:48:51,373 - preprocessing - INFO - Preprocessing completed. Encoded features dimensionality: 5
2026-07-24 19:48:51,381 - preprocessing - INFO - Cleaning raw dataset...
2026-07-24 19:48:51,386 - preprocessing - INFO - Data cleaning completed successfully.
2026-07-24 19:48:51,386 - preprocessing - INFO - Splitting data with test_size=0.25, stratifying on 'Churn'...
2026-07-24 19:48:51,398 - preprocessing - INFO - Split complete. Train shape: (15, 19), Test shape: (5, 19)
2026-07-24 19:48:51,398 - preprocessing - INFO - Initializing ColumnTransformer preprocessing pipeline...
2026-07-24 19:48:51,398 - preprocessing - INFO - Fitting and transforming training features...
2026-07-24 19:48:51,419 - preprocessing - INFO - Transforming testing features...
2026-07-24 19:48:51,432 - preprocessing - INFO - Preprocessing completed. Encoded features dimensionality: 5
2026-07-24 19:48:51,440 - preprocessing - INFO - Cleaning raw dataset...
2026-07-24 19:48:51,445 - preprocessing - INFO - Data cleaning completed successfully.
2026-07-24 19:48:51,445 - preprocessing - INFO - Splitting data with test_size=0.25, stratifying on 'Churn'...
2026-07-24 19:48:51,456 - preprocessing - INFO - Split complete. Train shape: (15, 19), Test shape: (5, 19)
2026-07-24 19:48:51,458 - preprocessing - INFO - Initializing ColumnTransformer preprocessing pipeline...
2026-07-24 19:48:51,458 - preprocessing - INFO - Fitting and transforming training features...
2026-07-24 19:48:51,478 - preprocessing - INFO - Transforming testing features...
2026-07-24 19:48:51,492 - preprocessing - INFO - Preprocessing completed. Encoded features dimensionality: 5
2026-07-24 19:56:08,507 - preprocessing - INFO - Loading raw data from C:\Users\sisir\AppData\Local\Temp\pytest-of-Sisira\pytest-3\test_load_data_returns_datafra0\sample.csv...
2026-07-24 19:56:08,514 - preprocessing - INFO - Successfully loaded data. Shape: (20, 21)
2026-07-24 19:56:08,517 - preprocessing - INFO - Inspecting raw DataFrame statistics...
2026-07-24 19:56:08,522 - preprocessing - INFO - DataFrame inspection completed successfully.
2026-07-24 19:56:08,527 - preprocessing - INFO - Inspecting raw DataFrame statistics...
2026-07-24 19:56:08,531 - preprocessing - INFO - DataFrame inspection completed successfully.
2026-07-24 19:56:08,534 - preprocessing - INFO - Cleaning raw dataset...
2026-07-24 19:56:08,537 - preprocessing - INFO - Data cleaning completed successfully.
2026-07-24 19:56:08,539 - preprocessing - INFO - Cleaning raw dataset...
2026-07-24 19:56:08,541 - preprocessing - INFO - Data cleaning completed successfully.
2026-07-24 19:56:08,544 - preprocessing - INFO - Cleaning raw dataset...
2026-07-24 19:56:08,546 - preprocessing - INFO - Data cleaning completed successfully.
2026-07-24 19:56:08,548 - preprocessing - INFO - Cleaning raw dataset...
2026-07-24 19:56:08,550 - preprocessing - INFO - Data cleaning completed successfully.
2026-07-24 19:56:08,556 - preprocessing - INFO - Cleaning raw dataset...
2026-07-24 19:56:08,558 - preprocessing - INFO - Data cleaning completed successfully.
2026-07-24 19:56:08,558 - preprocessing - INFO - Splitting data with test_size=0.25, stratifying on 'Churn'...
2026-07-24 19:56:08,563 - preprocessing - INFO - Split complete. Train shape: (15, 19), Test shape: (5, 19)
2026-07-24 19:56:08,566 - preprocessing - INFO - Cleaning raw dataset...
2026-07-24 19:56:08,567 - preprocessing - INFO - Data cleaning completed successfully.
2026-07-24 19:56:08,568 - preprocessing - INFO - Splitting data with test_size=0.5, stratifying on 'Churn'...
2026-07-24 19:56:08,572 - preprocessing - INFO - Split complete. Train shape: (10, 19), Test shape: (10, 19)
2026-07-24 19:56:08,575 - preprocessing - INFO - Cleaning raw dataset...
2026-07-24 19:56:08,577 - preprocessing - INFO - Data cleaning completed successfully.
2026-07-24 19:56:08,577 - preprocessing - INFO - Splitting data with test_size=0.2, stratifying on 'Churn'...
2026-07-24 19:56:08,581 - preprocessing - INFO - Split complete. Train shape: (16, 19), Test shape: (4, 19)
2026-07-24 19:56:08,581 - preprocessing - INFO - Splitting data with test_size=0.2, stratifying on 'Churn'...
2026-07-24 19:56:08,585 - preprocessing - INFO - Split complete. Train shape: (16, 19), Test shape: (4, 19)
2026-07-24 19:56:08,594 - preprocessing - INFO - Cleaning raw dataset...
2026-07-24 19:56:08,596 - preprocessing - INFO - Data cleaning completed successfully.
2026-07-24 19:56:08,596 - preprocessing - INFO - Splitting data with test_size=0.25, stratifying on 'Churn'...
2026-07-24 19:56:08,599 - preprocessing - INFO - Split complete. Train shape: (15, 19), Test shape: (5, 19)
2026-07-24 19:56:08,600 - preprocessing - INFO - Initializing ColumnTransformer preprocessing pipeline...
2026-07-24 19:56:08,600 - preprocessing - INFO - Fitting and transforming training features...
2026-07-24 19:56:08,615 - preprocessing - INFO - Transforming testing features...
2026-07-24 19:56:08,623 - preprocessing - INFO - Preprocessing completed. Encoded features dimensionality: 5
2026-07-24 19:56:08,626 - preprocessing - INFO - Cleaning raw dataset...
2026-07-24 19:56:08,628 - preprocessing - INFO - Data cleaning completed successfully.
2026-07-24 19:56:08,628 - preprocessing - INFO - Splitting data with test_size=0.25, stratifying on 'Churn'...
2026-07-24 19:56:08,632 - preprocessing - INFO - Split complete. Train shape: (15, 19), Test shape: (5, 19)
2026-07-24 19:56:08,632 - preprocessing - INFO - Initializing ColumnTransformer preprocessing pipeline...
2026-07-24 19:56:08,632 - preprocessing - INFO - Fitting and transforming training features...
2026-07-24 19:56:08,640 - preprocessing - INFO - Transforming testing features...
2026-07-24 19:56:08,646 - preprocessing - INFO - Preprocessing completed. Encoded features dimensionality: 5
2026-07-24 19:56:08,649 - preprocessing - INFO - Cleaning raw dataset...
2026-07-24 19:56:08,651 - preprocessing - INFO - Data cleaning completed successfully.
2026-07-24 19:56:08,651 - preprocessing - INFO - Splitting data with test_size=0.25, stratifying on 'Churn'...
2026-07-24 19:56:08,655 - preprocessing - INFO - Split complete. Train shape: (15, 19), Test shape: (5, 19)
2026-07-24 19:56:08,655 - preprocessing - INFO - Initializing ColumnTransformer preprocessing pipeline...
2026-07-24 19:56:08,655 - preprocessing - INFO - Fitting and transforming training features...
2026-07-24 19:56:08,662 - preprocessing - INFO - Transforming testing features...
2026-07-24 19:56:08,667 - preprocessing - INFO - Preprocessing completed. Encoded features dimensionality: 5
2026-07-24 19:56:08,671 - preprocessing - INFO - Cleaning raw dataset...
2026-07-24 19:56:08,673 - preprocessing - INFO - Data cleaning completed successfully.
2026-07-24 19:56:08,673 - preprocessing - INFO - Splitting data with test_size=0.25, stratifying on 'Churn'...
2026-07-24 19:56:08,677 - preprocessing - INFO - Split complete. Train shape: (15, 19), Test shape: (5, 19)
2026-07-24 19:56:08,677 - preprocessing - INFO - Initializing ColumnTransformer preprocessing pipeline...
2026-07-24 19:56:08,677 - preprocessing - INFO - Fitting and transforming training features...
2026-07-24 19:56:08,684 - preprocessing - INFO - Transforming testing features...
2026-07-24 19:56:08,689 - preprocessing - INFO - Preprocessing completed. Encoded features dimensionality: 5
2026-07-24 19:56:08,692 - preprocessing - INFO - Cleaning raw dataset...
2026-07-24 19:56:08,694 - preprocessing - INFO - Data cleaning completed successfully.
2026-07-24 19:56:08,694 - preprocessing - INFO - Splitting data with test_size=0.25, stratifying on 'Churn'...
2026-07-24 19:56:08,698 - preprocessing - INFO - Split complete. Train shape: (15, 19), Test shape: (5, 19)
2026-07-24 19:56:08,699 - preprocessing - INFO - Initializing ColumnTransformer preprocessing pipeline...
2026-07-24 19:56:08,699 - preprocessing - INFO - Fitting and transforming training features...
2026-07-24 19:56:08,707 - preprocessing - INFO - Transforming testing features...
2026-07-24 19:56:08,712 - preprocessing - INFO - Preprocessing completed. Encoded features dimensionality: 5
2026-07-24 19:59:12,725 - preprocessing - INFO - Loading raw data from data/WA_Fn-UseC_-Telco-Customer-Churn.csv...
2026-07-24 19:59:12,868 - preprocessing - INFO - Successfully loaded data. Shape: (7043, 21)
2026-07-24 19:59:12,869 - preprocessing - INFO - Cleaning raw dataset...
2026-07-24 19:59:12,896 - preprocessing - INFO - Data cleaning completed successfully.
2026-07-24 19:59:47,576 - preprocessing - INFO - Loading raw data from data/WA_Fn-UseC_-Telco-Customer-Churn.csv...
2026-07-24 19:59:47,694 - preprocessing - INFO - Successfully loaded data. Shape: (7043, 21)
2026-07-24 19:59:47,694 - preprocessing - INFO - Cleaning raw dataset...
2026-07-24 19:59:47,717 - preprocessing - INFO - Data cleaning completed successfully.
2026-07-24 20:01:45,693 - preprocessing - INFO - Loading raw data from C:\Users\sisir\AppData\Local\Temp\pytest-of-Sisira\pytest-4\test_load_data_returns_datafra0\sample.csv...
2026-07-24 20:01:45,699 - preprocessing - INFO - Successfully loaded data. Shape: (20, 21)
2026-07-24 20:01:45,702 - preprocessing - INFO - Inspecting raw DataFrame statistics...
2026-07-24 20:01:45,706 - preprocessing - INFO - DataFrame inspection completed successfully.
2026-07-24 20:01:45,710 - preprocessing - INFO - Inspecting raw DataFrame statistics...
2026-07-24 20:01:45,713 - preprocessing - INFO - DataFrame inspection completed successfully.
2026-07-24 20:01:45,715 - preprocessing - INFO - Cleaning raw dataset...
2026-07-24 20:01:45,717 - preprocessing - INFO - Data cleaning completed successfully.
2026-07-24 20:01:45,723 - preprocessing - INFO - Cleaning raw dataset...
2026-07-24 20:01:45,726 - preprocessing - INFO - Data cleaning completed successfully.
2026-07-24 20:01:45,729 - preprocessing - INFO - Cleaning raw dataset...
2026-07-24 20:01:45,731 - preprocessing - INFO - Data cleaning completed successfully.
2026-07-24 20:01:45,733 - preprocessing - INFO - Cleaning raw dataset...
2026-07-24 20:01:45,735 - preprocessing - INFO - Data cleaning completed successfully.
2026-07-24 20:01:45,743 - preprocessing - INFO - Cleaning raw dataset...
2026-07-24 20:01:45,745 - preprocessing - INFO - Data cleaning completed successfully.
2026-07-24 20:01:45,745 - preprocessing - INFO - Splitting data with test_size=0.25, stratifying on 'Churn'...
2026-07-24 20:01:45,750 - preprocessing - INFO - Split complete. Train shape: (15, 19), Test shape: (5, 19)
2026-07-24 20:01:45,753 - preprocessing - INFO - Cleaning raw dataset...
2026-07-24 20:01:45,754 - preprocessing - INFO - Data cleaning completed successfully.
2026-07-24 20:01:45,755 - preprocessing - INFO - Splitting data with test_size=0.5, stratifying on 'Churn'...
2026-07-24 20:01:45,759 - preprocessing - INFO - Split complete. Train shape: (10, 19), Test shape: (10, 19)
2026-07-24 20:01:45,762 - preprocessing - INFO - Cleaning raw dataset...
2026-07-24 20:01:45,764 - preprocessing - INFO - Data cleaning completed successfully.
2026-07-24 20:01:45,764 - preprocessing - INFO - Splitting data with test_size=0.2, stratifying on 'Churn'...
2026-07-24 20:01:45,767 - preprocessing - INFO - Split complete. Train shape: (16, 19), Test shape: (4, 19)
2026-07-24 20:01:45,767 - preprocessing - INFO - Splitting data with test_size=0.2, stratifying on 'Churn'...
2026-07-24 20:01:45,772 - preprocessing - INFO - Split complete. Train shape: (16, 19), Test shape: (4, 19)
2026-07-24 20:01:45,781 - preprocessing - INFO - Cleaning raw dataset...
2026-07-24 20:01:45,783 - preprocessing - INFO - Data cleaning completed successfully.
2026-07-24 20:01:45,783 - preprocessing - INFO - Splitting data with test_size=0.25, stratifying on 'Churn'...
2026-07-24 20:01:45,787 - preprocessing - INFO - Split complete. Train shape: (15, 19), Test shape: (5, 19)
2026-07-24 20:01:45,787 - preprocessing - INFO - Initializing ColumnTransformer preprocessing pipeline...
2026-07-24 20:01:45,787 - preprocessing - INFO - Fitting and transforming training features...
2026-07-24 20:01:45,795 - preprocessing - INFO - Transforming testing features...
2026-07-24 20:01:45,803 - preprocessing - INFO - Preprocessing completed. Encoded features dimensionality: 5
2026-07-24 20:01:45,806 - preprocessing - INFO - Cleaning raw dataset...
2026-07-24 20:01:45,808 - preprocessing - INFO - Data cleaning completed successfully.
2026-07-24 20:01:45,808 - preprocessing - INFO - Splitting data with test_size=0.25, stratifying on 'Churn'...
2026-07-24 20:01:45,811 - preprocessing - INFO - Split complete. Train shape: (15, 19), Test shape: (5, 19)
2026-07-24 20:01:45,812 - preprocessing - INFO - Initializing ColumnTransformer preprocessing pipeline...
2026-07-24 20:01:45,812 - preprocessing - INFO - Fitting and transforming training features...
2026-07-24 20:01:45,820 - preprocessing - INFO - Transforming testing features...
2026-07-24 20:01:45,825 - preprocessing - INFO - Preprocessing completed. Encoded features dimensionality: 5
2026-07-24 20:01:45,830 - preprocessing - INFO - Cleaning raw dataset...
2026-07-24 20:01:45,832 - preprocessing - INFO - Data cleaning completed successfully.
2026-07-24 20:01:45,832 - preprocessing - INFO - Splitting data with test_size=0.25, stratifying on 'Churn'...
2026-07-24 20:01:45,836 - preprocessing - INFO - Split complete. Train shape: (15, 19), Test shape: (5, 19)
2026-07-24 20:01:45,836 - preprocessing - INFO - Initializing ColumnTransformer preprocessing pipeline...
2026-07-24 20:01:45,836 - preprocessing - INFO - Fitting and transforming training features...
2026-07-24 20:01:45,844 - preprocessing - INFO - Transforming testing features...
2026-07-24 20:01:45,849 - preprocessing - INFO - Preprocessing completed. Encoded features dimensionality: 5
2026-07-24 20:01:45,851 - preprocessing - INFO - Cleaning raw dataset...
2026-07-24 20:01:45,853 - preprocessing - INFO - Data cleaning completed successfully.
2026-07-24 20:01:45,853 - preprocessing - INFO - Splitting data with test_size=0.25, stratifying on 'Churn'...
2026-07-24 20:01:45,856 - preprocessing - INFO - Split complete. Train shape: (15, 19), Test shape: (5, 19)
2026-07-24 20:01:45,857 - preprocessing - INFO - Initializing ColumnTransformer preprocessing pipeline...
2026-07-24 20:01:45,857 - preprocessing - INFO - Fitting and transforming training features...
2026-07-24 20:01:45,864 - preprocessing - INFO - Transforming testing features...
2026-07-24 20:01:45,869 - preprocessing - INFO - Preprocessing completed. Encoded features dimensionality: 5
2026-07-24 20:01:45,872 - preprocessing - INFO - Cleaning raw dataset...
2026-07-24 20:01:45,874 - preprocessing - INFO - Data cleaning completed successfully.
2026-07-24 20:01:45,874 - preprocessing - INFO - Splitting data with test_size=0.25, stratifying on 'Churn'...
2026-07-24 20:01:45,878 - preprocessing - INFO - Split complete. Train shape: (15, 19), Test shape: (5, 19)
2026-07-24 20:01:45,878 - preprocessing - INFO - Initializing ColumnTransformer preprocessing pipeline...
2026-07-24 20:01:45,879 - preprocessing - INFO - Fitting and transforming training features...
2026-07-24 20:01:45,886 - preprocessing - INFO - Transforming testing features...
2026-07-24 20:01:45,892 - preprocessing - INFO - Preprocessing completed. Encoded features dimensionality: 5
2026-07-24 20:04:30,340 - preprocessing - INFO - Loading raw data from C:\Users\sisir\AppData\Local\Temp\pytest-of-Sisira\pytest-5\test_load_data_returns_datafra0\sample.csv...
2026-07-24 20:04:30,355 - preprocessing - INFO - Successfully loaded data. Shape: (20, 21)
2026-07-24 20:04:30,363 - preprocessing - INFO - Inspecting raw DataFrame statistics...
2026-07-24 20:04:30,374 - preprocessing - INFO - DataFrame inspection completed successfully.
2026-07-24 20:04:30,385 - preprocessing - INFO - Inspecting raw DataFrame statistics...
2026-07-24 20:04:30,393 - preprocessing - INFO - DataFrame inspection completed successfully.
2026-07-24 20:04:30,400 - preprocessing - INFO - Cleaning raw dataset...
2026-07-24 20:04:30,405 - preprocessing - INFO - Data cleaning completed successfully.
2026-07-24 20:04:30,412 - preprocessing - INFO - Cleaning raw dataset...
2026-07-24 20:04:30,417 - preprocessing - INFO - Data cleaning completed successfully.
2026-07-24 20:04:30,424 - preprocessing - INFO - Cleaning raw dataset...
2026-07-24 20:04:30,429 - preprocessing - INFO - Data cleaning completed successfully.
2026-07-24 20:04:30,437 - preprocessing - INFO - Cleaning raw dataset...
2026-07-24 20:04:30,441 - preprocessing - INFO - Data cleaning completed successfully.
2026-07-24 20:04:30,463 - preprocessing - INFO - Cleaning raw dataset...
2026-07-24 20:04:30,468 - preprocessing - INFO - Data cleaning completed successfully.
2026-07-24 20:04:30,468 - preprocessing - INFO - Splitting data with test_size=0.25, stratifying on 'Churn'...
2026-07-24 20:04:30,480 - preprocessing - INFO - Split complete. Train shape: (15, 19), Test shape: (5, 19)
2026-07-24 20:04:30,488 - preprocessing - INFO - Cleaning raw dataset...
2026-07-24 20:04:30,493 - preprocessing - INFO - Data cleaning completed successfully.
2026-07-24 20:04:30,494 - preprocessing - INFO - Splitting data with test_size=0.5, stratifying on 'Churn'...
2026-07-24 20:04:30,505 - preprocessing - INFO - Split complete. Train shape: (10, 19), Test shape: (10, 19)
2026-07-24 20:04:30,513 - preprocessing - INFO - Cleaning raw dataset...
2026-07-24 20:04:30,517 - preprocessing - INFO - Data cleaning completed successfully.
2026-07-24 20:04:30,517 - preprocessing - INFO - Splitting data with test_size=0.2, stratifying on 'Churn'...
2026-07-24 20:04:30,528 - preprocessing - INFO - Split complete. Train shape: (16, 19), Test shape: (4, 19)
2026-07-24 20:04:30,529 - preprocessing - INFO - Splitting data with test_size=0.2, stratifying on 'Churn'...
2026-07-24 20:04:30,540 - preprocessing - INFO - Split complete. Train shape: (16, 19), Test shape: (4, 19)
2026-07-24 20:04:30,570 - preprocessing - INFO - Cleaning raw dataset...
2026-07-24 20:04:30,575 - preprocessing - INFO - Data cleaning completed successfully.
2026-07-24 20:04:30,575 - preprocessing - INFO - Splitting data with test_size=0.25, stratifying on 'Churn'...
2026-07-24 20:04:30,586 - preprocessing - INFO - Split complete. Train shape: (15, 19), Test shape: (5, 19)
2026-07-24 20:04:30,586 - preprocessing - INFO - Initializing ColumnTransformer preprocessing pipeline...
2026-07-24 20:04:30,587 - preprocessing - INFO - Fitting and transforming training features...
2026-07-24 20:04:30,607 - preprocessing - INFO - Transforming testing features...
2026-07-24 20:04:30,625 - preprocessing - INFO - Preprocessing completed. Encoded features dimensionality: 5
2026-07-24 20:04:30,634 - preprocessing - INFO - Cleaning raw dataset...
2026-07-24 20:04:30,639 - preprocessing - INFO - Data cleaning completed successfully.
2026-07-24 20:04:30,639 - preprocessing - INFO - Splitting data with test_size=0.25, stratifying on 'Churn'...
2026-07-24 20:04:30,650 - preprocessing - INFO - Split complete. Train shape: (15, 19), Test shape: (5, 19)
2026-07-24 20:04:30,650 - preprocessing - INFO - Initializing ColumnTransformer preprocessing pipeline...
2026-07-24 20:04:30,650 - preprocessing - INFO - Fitting and transforming training features...
2026-07-24 20:04:30,671 - preprocessing - INFO - Transforming testing features...
2026-07-24 20:04:30,684 - preprocessing - INFO - Preprocessing completed. Encoded features dimensionality: 5
2026-07-24 20:04:30,693 - preprocessing - INFO - Cleaning raw dataset...
2026-07-24 20:04:30,698 - preprocessing - INFO - Data cleaning completed successfully.
2026-07-24 20:04:30,698 - preprocessing - INFO - Splitting data with test_size=0.25, stratifying on 'Churn'...
2026-07-24 20:04:30,709 - preprocessing - INFO - Split complete. Train shape: (15, 19), Test shape: (5, 19)
2026-07-24 20:04:30,710 - preprocessing - INFO - Initializing ColumnTransformer preprocessing pipeline...
2026-07-24 20:04:30,710 - preprocessing - INFO - Fitting and transforming training features...
2026-07-24 20:04:30,730 - preprocessing - INFO - Transforming testing features...
2026-07-24 20:04:30,743 - preprocessing - INFO - Preprocessing completed. Encoded features dimensionality: 5
2026-07-24 20:04:30,751 - preprocessing - INFO - Cleaning raw dataset...
2026-07-24 20:04:30,760 - preprocessing - INFO - Data cleaning completed successfully.
2026-07-24 20:04:30,760 - preprocessing - INFO - Splitting data with test_size=0.25, stratifying on 'Churn'...
2026-07-24 20:04:30,775 - preprocessing - INFO - Split complete. Train shape: (15, 19), Test shape: (5, 19)
2026-07-24 20:04:30,776 - preprocessing - INFO - Initializing ColumnTransformer preprocessing pipeline...
2026-07-24 20:04:30,776 - preprocessing - INFO - Fitting and transforming training features...
2026-07-24 20:04:30,800 - preprocessing - INFO - Transforming testing features...
2026-07-24 20:04:30,816 - preprocessing - INFO - Preprocessing completed. Encoded features dimensionality: 5
2026-07-24 20:04:30,826 - preprocessing - INFO - Cleaning raw dataset...
2026-07-24 20:04:30,831 - preprocessing - INFO - Data cleaning completed successfully.
2026-07-24 20:04:30,832 - preprocessing - INFO - Splitting data with test_size=0.25, stratifying on 'Churn'...
2026-07-24 20:04:30,845 - preprocessing - INFO - Split complete. Train shape: (15, 19), Test shape: (5, 19)
2026-07-24 20:04:30,847 - preprocessing - INFO - Initializing ColumnTransformer preprocessing pipeline...
2026-07-24 20:04:30,847 - preprocessing - INFO - Fitting and transforming training features...
2026-07-24 20:04:30,871 - preprocessing - INFO - Transforming testing features...
2026-07-24 20:04:30,886 - preprocessing - INFO - Preprocessing completed. Encoded features dimensionality: 5
2026-07-24 20:07:30,746 - preprocessing - INFO - Loading raw data from C:\Users\sisir\AppData\Local\Temp\pytest-of-Sisira\pytest-6\test_load_data_returns_datafra0\sample.csv...
2026-07-24 20:07:30,753 - preprocessing - INFO - Successfully loaded data. Shape: (20, 21)
2026-07-24 20:07:30,757 - preprocessing - INFO - Inspecting raw DataFrame statistics...
2026-07-24 20:07:30,761 - preprocessing - INFO - DataFrame inspection completed successfully.
2026-07-24 20:07:30,765 - preprocessing - INFO - Inspecting raw DataFrame statistics...
2026-07-24 20:07:30,767 - preprocessing - INFO - DataFrame inspection completed successfully.
2026-07-24 20:07:30,770 - preprocessing - INFO - Cleaning raw dataset...
2026-07-24 20:07:30,772 - preprocessing - INFO - Data cleaning completed successfully.
2026-07-24 20:07:30,775 - preprocessing - INFO - Cleaning raw dataset...
2026-07-24 20:07:30,777 - preprocessing - INFO - Data cleaning completed successfully.
2026-07-24 20:07:30,779 - preprocessing - INFO - Cleaning raw dataset...
2026-07-24 20:07:30,781 - preprocessing - INFO - Data cleaning completed successfully.
2026-07-24 20:07:30,784 - preprocessing - INFO - Cleaning raw dataset...
2026-07-24 20:07:30,786 - preprocessing - INFO - Data cleaning completed successfully.
2026-07-24 20:07:30,793 - preprocessing - INFO - Cleaning raw dataset...
2026-07-24 20:07:30,795 - preprocessing - INFO - Data cleaning completed successfully.
2026-07-24 20:07:30,795 - preprocessing - INFO - Splitting data with test_size=0.25, stratifying on 'Churn'...
2026-07-24 20:07:30,800 - preprocessing - INFO - Split complete. Train shape: (15, 19), Test shape: (5, 19)
2026-07-24 20:07:30,803 - preprocessing - INFO - Cleaning raw dataset...
2026-07-24 20:07:30,804 - preprocessing - INFO - Data cleaning completed successfully.
2026-07-24 20:07:30,805 - preprocessing - INFO - Splitting data with test_size=0.5, stratifying on 'Churn'...
2026-07-24 20:07:30,808 - preprocessing - INFO - Split complete. Train shape: (10, 19), Test shape: (10, 19)
2026-07-24 20:07:30,811 - preprocessing - INFO - Cleaning raw dataset...
2026-07-24 20:07:30,813 - preprocessing - INFO - Data cleaning completed successfully.
2026-07-24 20:07:30,813 - preprocessing - INFO - Splitting data with test_size=0.2, stratifying on 'Churn'...
2026-07-24 20:07:30,816 - preprocessing - INFO - Split complete. Train shape: (16, 19), Test shape: (4, 19)
2026-07-24 20:07:30,816 - preprocessing - INFO - Splitting data with test_size=0.2, stratifying on 'Churn'...
2026-07-24 20:07:30,820 - preprocessing - INFO - Split complete. Train shape: (16, 19), Test shape: (4, 19)
2026-07-24 20:07:30,829 - preprocessing - INFO - Cleaning raw dataset...
2026-07-24 20:07:30,831 - preprocessing - INFO - Data cleaning completed successfully.
2026-07-24 20:07:30,831 - preprocessing - INFO - Splitting data with test_size=0.25, stratifying on 'Churn'...
2026-07-24 20:07:30,835 - preprocessing - INFO - Split complete. Train shape: (15, 19), Test shape: (5, 19)
2026-07-24 20:07:30,835 - preprocessing - INFO - Initializing ColumnTransformer preprocessing pipeline...
2026-07-24 20:07:30,836 - preprocessing - INFO - Fitting and transforming training features...
2026-07-24 20:07:30,846 - preprocessing - INFO - Transforming testing features...
2026-07-24 20:07:30,854 - preprocessing - INFO - Preprocessing completed. Encoded features dimensionality: 5
2026-07-24 20:07:30,857 - preprocessing - INFO - Cleaning raw dataset...
2026-07-24 20:07:30,859 - preprocessing - INFO - Data cleaning completed successfully.
2026-07-24 20:07:30,859 - preprocessing - INFO - Splitting data with test_size=0.25, stratifying on 'Churn'...
2026-07-24 20:07:30,863 - preprocessing - INFO - Split complete. Train shape: (15, 19), Test shape: (5, 19)
2026-07-24 20:07:30,864 - preprocessing - INFO - Initializing ColumnTransformer preprocessing pipeline...
2026-07-24 20:07:30,864 - preprocessing - INFO - Fitting and transforming training features...
2026-07-24 20:07:30,871 - preprocessing - INFO - Transforming testing features...
2026-07-24 20:07:30,877 - preprocessing - INFO - Preprocessing completed. Encoded features dimensionality: 5
2026-07-24 20:07:30,880 - preprocessing - INFO - Cleaning raw dataset...
2026-07-24 20:07:30,882 - preprocessing - INFO - Data cleaning completed successfully.
2026-07-24 20:07:30,882 - preprocessing - INFO - Splitting data with test_size=0.25, stratifying on 'Churn'...
2026-07-24 20:07:30,886 - preprocessing - INFO - Split complete. Train shape: (15, 19), Test shape: (5, 19)
2026-07-24 20:07:30,886 - preprocessing - INFO - Initializing ColumnTransformer preprocessing pipeline...
2026-07-24 20:07:30,886 - preprocessing - INFO - Fitting and transforming training features...
2026-07-24 20:07:30,894 - preprocessing - INFO - Transforming testing features...
2026-07-24 20:07:30,899 - preprocessing - INFO - Preprocessing completed. Encoded features dimensionality: 5
2026-07-24 20:07:30,902 - preprocessing - INFO - Cleaning raw dataset...
2026-07-24 20:07:30,904 - preprocessing - INFO - Data cleaning completed successfully.
2026-07-24 20:07:30,904 - preprocessing - INFO - Splitting data with test_size=0.25, stratifying on 'Churn'...
2026-07-24 20:07:30,908 - preprocessing - INFO - Split complete. Train shape: (15, 19), Test shape: (5, 19)
2026-07-24 20:07:30,908 - preprocessing - INFO - Initializing ColumnTransformer preprocessing pipeline...
2026-07-24 20:07:30,909 - preprocessing - INFO - Fitting and transforming training features...
2026-07-24 20:07:30,917 - preprocessing - INFO - Transforming testing features...
2026-07-24 20:07:30,922 - preprocessing - INFO - Preprocessing completed. Encoded features dimensionality: 5
2026-07-24 20:07:30,925 - preprocessing - INFO - Cleaning raw dataset...
2026-07-24 20:07:30,927 - preprocessing - INFO - Data cleaning completed successfully.
2026-07-24 20:07:30,927 - preprocessing - INFO - Splitting data with test_size=0.25, stratifying on 'Churn'...
2026-07-24 20:07:30,931 - preprocessing - INFO - Split complete. Train shape: (15, 19), Test shape: (5, 19)
2026-07-24 20:07:30,931 - preprocessing - INFO - Initializing ColumnTransformer preprocessing pipeline...
2026-07-24 20:07:30,931 - preprocessing - INFO - Fitting and transforming training features...
2026-07-24 20:07:30,938 - preprocessing - INFO - Transforming testing features...
2026-07-24 20:07:30,944 - preprocessing - INFO - Preprocessing completed. Encoded features dimensionality: 5
2026-07-24 20:09:28,476 - preprocessing - INFO - Loading raw data from C:\Users\sisir\AppData\Local\Temp\pytest-of-Sisira\pytest-7\test_load_data_returns_datafra0\sample.csv...
2026-07-24 20:09:28,483 - preprocessing - INFO - Successfully loaded data. Shape: (20, 21)
2026-07-24 20:09:28,486 - preprocessing - INFO - Inspecting raw DataFrame statistics...
2026-07-24 20:09:28,489 - preprocessing - INFO - DataFrame inspection completed successfully.
2026-07-24 20:09:28,493 - preprocessing - INFO - Inspecting raw DataFrame statistics...
2026-07-24 20:09:28,496 - preprocessing - INFO - DataFrame inspection completed successfully.
2026-07-24 20:09:28,498 - preprocessing - INFO - Cleaning raw dataset...
2026-07-24 20:09:28,500 - preprocessing - INFO - Data cleaning completed successfully.
2026-07-24 20:09:28,502 - preprocessing - INFO - Cleaning raw dataset...
2026-07-24 20:09:28,505 - preprocessing - INFO - Data cleaning completed successfully.
2026-07-24 20:09:28,507 - preprocessing - INFO - Cleaning raw dataset...
2026-07-24 20:09:28,509 - preprocessing - INFO - Data cleaning completed successfully.
2026-07-24 20:09:28,512 - preprocessing - INFO - Cleaning raw dataset...
2026-07-24 20:09:28,514 - preprocessing - INFO - Data cleaning completed successfully.
2026-07-24 20:09:28,520 - preprocessing - INFO - Cleaning raw dataset...
2026-07-24 20:09:28,522 - preprocessing - INFO - Data cleaning completed successfully.
2026-07-24 20:09:28,522 - preprocessing - INFO - Splitting data with test_size=0.25, stratifying on 'Churn'...
2026-07-24 20:09:28,527 - preprocessing - INFO - Split complete. Train shape: (15, 19), Test shape: (5, 19)
2026-07-24 20:09:28,530 - preprocessing - INFO - Cleaning raw dataset...
2026-07-24 20:09:28,533 - preprocessing - INFO - Data cleaning completed successfully.
2026-07-24 20:09:28,533 - preprocessing - INFO - Splitting data with test_size=0.5, stratifying on 'Churn'...
2026-07-24 20:09:28,545 - preprocessing - INFO - Split complete. Train shape: (10, 19), Test shape: (10, 19)
2026-07-24 20:09:28,551 - preprocessing - INFO - Cleaning raw dataset...
2026-07-24 20:09:28,555 - preprocessing - INFO - Data cleaning completed successfully.
2026-07-24 20:09:28,556 - preprocessing - INFO - Splitting data with test_size=0.2, stratifying on 'Churn'...
2026-07-24 20:09:28,563 - preprocessing - INFO - Split complete. Train shape: (16, 19), Test shape: (4, 19)
2026-07-24 20:09:28,564 - preprocessing - INFO - Splitting data with test_size=0.2, stratifying on 'Churn'...
2026-07-24 20:09:28,568 - preprocessing - INFO - Split complete. Train shape: (16, 19), Test shape: (4, 19)
2026-07-24 20:09:28,582 - preprocessing - INFO - Cleaning raw dataset...
2026-07-24 20:09:28,586 - preprocessing - INFO - Data cleaning completed successfully.
2026-07-24 20:09:28,586 - preprocessing - INFO - Splitting data with test_size=0.25, stratifying on 'Churn'...
2026-07-24 20:09:28,590 - preprocessing - INFO - Split complete. Train shape: (15, 19), Test shape: (5, 19)
2026-07-24 20:09:28,590 - preprocessing - INFO - Initializing ColumnTransformer preprocessing pipeline...
2026-07-24 20:09:28,590 - preprocessing - INFO - Fitting and transforming training features...
2026-07-24 20:09:28,598 - preprocessing - INFO - Transforming testing features...
2026-07-24 20:09:28,605 - preprocessing - INFO - Preprocessing completed. Encoded features dimensionality: 5
2026-07-24 20:09:28,608 - preprocessing - INFO - Cleaning raw dataset...
2026-07-24 20:09:28,610 - preprocessing - INFO - Data cleaning completed successfully.
2026-07-24 20:09:28,610 - preprocessing - INFO - Splitting data with test_size=0.25, stratifying on 'Churn'...
2026-07-24 20:09:28,613 - preprocessing - INFO - Split complete. Train shape: (15, 19), Test shape: (5, 19)
2026-07-24 20:09:28,613 - preprocessing - INFO - Initializing ColumnTransformer preprocessing pipeline...
2026-07-24 20:09:28,614 - preprocessing - INFO - Fitting and transforming training features...
2026-07-24 20:09:28,621 - preprocessing - INFO - Transforming testing features...
2026-07-24 20:09:28,626 - preprocessing - INFO - Preprocessing completed. Encoded features dimensionality: 5
2026-07-24 20:09:28,629 - preprocessing - INFO - Cleaning raw dataset...
2026-07-24 20:09:28,632 - preprocessing - INFO - Data cleaning completed successfully.
2026-07-24 20:09:28,632 - preprocessing - INFO - Splitting data with test_size=0.25, stratifying on 'Churn'...
2026-07-24 20:09:28,637 - preprocessing - INFO - Split complete. Train shape: (15, 19), Test shape: (5, 19)
2026-07-24 20:09:28,638 - preprocessing - INFO - Initializing ColumnTransformer preprocessing pipeline...
2026-07-24 20:09:28,638 - preprocessing - INFO - Fitting and transforming training features...
2026-07-24 20:09:28,646 - preprocessing - INFO - Transforming testing features...
2026-07-24 20:09:28,651 - preprocessing - INFO - Preprocessing completed. Encoded features dimensionality: 5
2026-07-24 20:09:28,653 - preprocessing - INFO - Cleaning raw dataset...
2026-07-24 20:09:28,656 - preprocessing - INFO - Data cleaning completed successfully.
2026-07-24 20:09:28,656 - preprocessing - INFO - Splitting data with test_size=0.25, stratifying on 'Churn'...
2026-07-24 20:09:28,660 - preprocessing - INFO - Split complete. Train shape: (15, 19), Test shape: (5, 19)
2026-07-24 20:09:28,660 - preprocessing - INFO - Initializing ColumnTransformer preprocessing pipeline...
2026-07-24 20:09:28,660 - preprocessing - INFO - Fitting and transforming training features...
2026-07-24 20:09:28,667 - preprocessing - INFO - Transforming testing features...
2026-07-24 20:09:28,672 - preprocessing - INFO - Preprocessing completed. Encoded features dimensionality: 5
2026-07-24 20:09:28,676 - preprocessing - INFO - Cleaning raw dataset...
2026-07-24 20:09:28,678 - preprocessing - INFO - Data cleaning completed successfully.
2026-07-24 20:09:28,678 - preprocessing - INFO - Splitting data with test_size=0.25, stratifying on 'Churn'...
2026-07-24 20:09:28,682 - preprocessing - INFO - Split complete. Train shape: (15, 19), Test shape: (5, 19)
2026-07-24 20:09:28,683 - preprocessing - INFO - Initializing ColumnTransformer preprocessing pipeline...
2026-07-24 20:09:28,683 - preprocessing - INFO - Fitting and transforming training features...
2026-07-24 20:09:28,691 - preprocessing - INFO - Transforming testing features...
2026-07-24 20:09:28,696 - preprocessing - INFO - Preprocessing completed. Encoded features dimensionality: 5
2026-07-24 20:10:25,451 - preprocessing - INFO - Loading raw data from C:\Users\sisir\AppData\Local\Temp\pytest-of-Sisira\pytest-8\test_load_data_returns_datafra0\sample.csv...
2026-07-24 20:10:25,458 - preprocessing - INFO - Successfully loaded data. Shape: (20, 21)
2026-07-24 20:10:25,461 - preprocessing - INFO - Inspecting raw DataFrame statistics...
2026-07-24 20:10:25,465 - preprocessing - INFO - DataFrame inspection completed successfully.
2026-07-24 20:10:25,468 - preprocessing - INFO - Inspecting raw DataFrame statistics...
2026-07-24 20:10:25,471 - preprocessing - INFO - DataFrame inspection completed successfully.
2026-07-24 20:10:25,474 - preprocessing - INFO - Cleaning raw dataset...
2026-07-24 20:10:25,476 - preprocessing - INFO - Data cleaning completed successfully.
2026-07-24 20:10:25,478 - preprocessing - INFO - Cleaning raw dataset...
2026-07-24 20:10:25,480 - preprocessing - INFO - Data cleaning completed successfully.
2026-07-24 20:10:25,487 - preprocessing - INFO - Cleaning raw dataset...
2026-07-24 20:10:25,490 - preprocessing - INFO - Data cleaning completed successfully.
2026-07-24 20:10:25,493 - preprocessing - INFO - Cleaning raw dataset...
2026-07-24 20:10:25,495 - preprocessing - INFO - Data cleaning completed successfully.
2026-07-24 20:10:25,501 - preprocessing - INFO - Cleaning raw dataset...
2026-07-24 20:10:25,503 - preprocessing - INFO - Data cleaning completed successfully.
2026-07-24 20:10:25,503 - preprocessing - INFO - Splitting data with test_size=0.25, stratifying on 'Churn'...
2026-07-24 20:10:25,508 - preprocessing - INFO - Split complete. Train shape: (15, 19), Test shape: (5, 19)
2026-07-24 20:10:25,511 - preprocessing - INFO - Cleaning raw dataset...
2026-07-24 20:10:25,512 - preprocessing - INFO - Data cleaning completed successfully.
2026-07-24 20:10:25,513 - preprocessing - INFO - Splitting data with test_size=0.5, stratifying on 'Churn'...
2026-07-24 20:10:25,516 - preprocessing - INFO - Split complete. Train shape: (10, 19), Test shape: (10, 19)
2026-07-24 20:10:25,520 - preprocessing - INFO - Cleaning raw dataset...
2026-07-24 20:10:25,522 - preprocessing - INFO - Data cleaning completed successfully.
2026-07-24 20:10:25,522 - preprocessing - INFO - Splitting data with test_size=0.2, stratifying on 'Churn'...
2026-07-24 20:10:25,526 - preprocessing - INFO - Split complete. Train shape: (16, 19), Test shape: (4, 19)
2026-07-24 20:10:25,526 - preprocessing - INFO - Splitting data with test_size=0.2, stratifying on 'Churn'...
2026-07-24 20:10:25,529 - preprocessing - INFO - Split complete. Train shape: (16, 19), Test shape: (4, 19)
2026-07-24 20:10:25,539 - preprocessing - INFO - Cleaning raw dataset...
2026-07-24 20:10:25,541 - preprocessing - INFO - Data cleaning completed successfully.
2026-07-24 20:10:25,541 - preprocessing - INFO - Splitting data with test_size=0.25, stratifying on 'Churn'...
2026-07-24 20:10:25,545 - preprocessing - INFO - Split complete. Train shape: (15, 19), Test shape: (5, 19)
2026-07-24 20:10:25,545 - preprocessing - INFO - Initializing ColumnTransformer preprocessing pipeline...
2026-07-24 20:10:25,545 - preprocessing - INFO - Fitting and transforming training features...
2026-07-24 20:10:25,554 - preprocessing - INFO - Transforming testing features...
2026-07-24 20:10:25,561 - preprocessing - INFO - Preprocessing completed. Encoded features dimensionality: 5
2026-07-24 20:10:25,564 - preprocessing - INFO - Cleaning raw dataset...
2026-07-24 20:10:25,566 - preprocessing - INFO - Data cleaning completed successfully.
2026-07-24 20:10:25,566 - preprocessing - INFO - Splitting data with test_size=0.25, stratifying on 'Churn'...
2026-07-24 20:10:25,569 - preprocessing - INFO - Split complete. Train shape: (15, 19), Test shape: (5, 19)
2026-07-24 20:10:25,570 - preprocessing - INFO - Initializing ColumnTransformer preprocessing pipeline...
2026-07-24 20:10:25,570 - preprocessing - INFO - Fitting and transforming training features...
2026-07-24 20:10:25,577 - preprocessing - INFO - Transforming testing features...
2026-07-24 20:10:25,583 - preprocessing - INFO - Preprocessing completed. Encoded features dimensionality: 5
2026-07-24 20:10:25,586 - preprocessing - INFO - Cleaning raw dataset...
2026-07-24 20:10:25,589 - preprocessing - INFO - Data cleaning completed successfully.
2026-07-24 20:10:25,589 - preprocessing - INFO - Splitting data with test_size=0.25, stratifying on 'Churn'...
2026-07-24 20:10:25,594 - preprocessing - INFO - Split complete. Train shape: (15, 19), Test shape: (5, 19)
2026-07-24 20:10:25,594 - preprocessing - INFO - Initializing ColumnTransformer preprocessing pipeline...
2026-07-24 20:10:25,595 - preprocessing - INFO - Fitting and transforming training features...
2026-07-24 20:10:25,606 - preprocessing - INFO - Transforming testing features...
2026-07-24 20:10:25,611 - preprocessing - INFO - Preprocessing completed. Encoded features dimensionality: 5
2026-07-24 20:10:25,615 - preprocessing - INFO - Cleaning raw dataset...
2026-07-24 20:10:25,618 - preprocessing - INFO - Data cleaning completed successfully.
2026-07-24 20:10:25,618 - preprocessing - INFO - Splitting data with test_size=0.25, stratifying on 'Churn'...
2026-07-24 20:10:25,622 - preprocessing - INFO - Split complete. Train shape: (15, 19), Test shape: (5, 19)
2026-07-24 20:10:25,622 - preprocessing - INFO - Initializing ColumnTransformer preprocessing pipeline...
2026-07-24 20:10:25,622 - preprocessing - INFO - Fitting and transforming training features...
2026-07-24 20:10:25,630 - preprocessing - INFO - Transforming testing features...
2026-07-24 20:10:25,635 - preprocessing - INFO - Preprocessing completed. Encoded features dimensionality: 5
2026-07-24 20:10:25,640 - preprocessing - INFO - Cleaning raw dataset...
2026-07-24 20:10:25,642 - preprocessing - INFO - Data cleaning completed successfully.
2026-07-24 20:10:25,642 - preprocessing - INFO - Splitting data with test_size=0.25, stratifying on 'Churn'...
2026-07-24 20:10:25,647 - preprocessing - INFO - Split complete. Train shape: (15, 19), Test shape: (5, 19)
2026-07-24 20:10:25,647 - preprocessing - INFO - Initializing ColumnTransformer preprocessing pipeline...
2026-07-24 20:10:25,648 - preprocessing - INFO - Fitting and transforming training features...
2026-07-24 20:10:25,655 - preprocessing - INFO - Transforming testing features...
2026-07-24 20:10:25,662 - preprocessing - INFO - Preprocessing completed. Encoded features dimensionality: 5
2026-07-24 20:12:14,123 - preprocessing - INFO - Loading raw data from data/WA_Fn-UseC_-Telco-Customer-Churn.csv...
2026-07-24 20:12:14,237 - preprocessing - INFO - Successfully loaded data. Shape: (7043, 21)
2026-07-24 20:12:14,238 - preprocessing - INFO - Cleaning raw dataset...
2026-07-24 20:12:14,266 - preprocessing - INFO - Data cleaning completed successfully.
2026-07-24 20:13:39,737 - preprocessing - INFO - Loading raw data from data/WA_Fn-UseC_-Telco-Customer-Churn.csv...
2026-07-24 20:13:39,836 - preprocessing - INFO - Successfully loaded data. Shape: (7043, 21)
2026-07-24 20:13:39,837 - preprocessing - INFO - Cleaning raw dataset...
2026-07-24 20:13:39,902 - preprocessing - INFO - Data cleaning completed successfully.
2026-07-24 20:15:50,189 - preprocessing - INFO - Loading raw data from C:\Users\sisir\AppData\Local\Temp\pytest-of-Sisira\pytest-9\test_load_data_returns_datafra0\sample.csv...
2026-07-24 20:15:50,204 - preprocessing - INFO - Successfully loaded data. Shape: (20, 21)
2026-07-24 20:15:50,212 - preprocessing - INFO - Inspecting raw DataFrame statistics...
2026-07-24 20:15:50,224 - preprocessing - INFO - DataFrame inspection completed successfully.
2026-07-24 20:15:50,234 - preprocessing - INFO - Inspecting raw DataFrame statistics...
2026-07-24 20:15:50,243 - preprocessing - INFO - DataFrame inspection completed successfully.
2026-07-24 20:15:50,250 - preprocessing - INFO - Cleaning raw dataset...
2026-07-24 20:15:50,255 - preprocessing - INFO - Data cleaning completed successfully.
2026-07-24 20:15:50,263 - preprocessing - INFO - Cleaning raw dataset...
2026-07-24 20:15:50,268 - preprocessing - INFO - Data cleaning completed successfully.
2026-07-24 20:15:50,276 - preprocessing - INFO - Cleaning raw dataset...
2026-07-24 20:15:50,281 - preprocessing - INFO - Data cleaning completed successfully.
2026-07-24 20:15:50,289 - preprocessing - INFO - Cleaning raw dataset...
2026-07-24 20:15:50,294 - preprocessing - INFO - Data cleaning completed successfully.
2026-07-24 20:15:50,316 - preprocessing - INFO - Cleaning raw dataset...
2026-07-24 20:15:50,321 - preprocessing - INFO - Data cleaning completed successfully.
2026-07-24 20:15:50,322 - preprocessing - INFO - Splitting data with test_size=0.25, stratifying on 'Churn'...
2026-07-24 20:15:50,335 - preprocessing - INFO - Split complete. Train shape: (15, 19), Test shape: (5, 19)
2026-07-24 20:15:50,343 - preprocessing - INFO - Cleaning raw dataset...
2026-07-24 20:15:50,348 - preprocessing - INFO - Data cleaning completed successfully.
2026-07-24 20:15:50,349 - preprocessing - INFO - Splitting data with test_size=0.5, stratifying on 'Churn'...
2026-07-24 20:15:50,361 - preprocessing - INFO - Split complete. Train shape: (10, 19), Test shape: (10, 19)
2026-07-24 20:15:50,370 - preprocessing - INFO - Cleaning raw dataset...
2026-07-24 20:15:50,375 - preprocessing - INFO - Data cleaning completed successfully.
2026-07-24 20:15:50,376 - preprocessing - INFO - Splitting data with test_size=0.2, stratifying on 'Churn'...
2026-07-24 20:15:50,388 - preprocessing - INFO - Split complete. Train shape: (16, 19), Test shape: (4, 19)
2026-07-24 20:15:50,388 - preprocessing - INFO - Splitting data with test_size=0.2, stratifying on 'Churn'...
2026-07-24 20:15:50,401 - preprocessing - INFO - Split complete. Train shape: (16, 19), Test shape: (4, 19)
2026-07-24 20:15:50,439 - preprocessing - INFO - Cleaning raw dataset...
2026-07-24 20:15:50,444 - preprocessing - INFO - Data cleaning completed successfully.
2026-07-24 20:15:50,445 - preprocessing - INFO - Splitting data with test_size=0.25, stratifying on 'Churn'...
2026-07-24 20:15:50,456 - preprocessing - INFO - Split complete. Train shape: (15, 19), Test shape: (5, 19)
2026-07-24 20:15:50,457 - preprocessing - INFO - Initializing ColumnTransformer preprocessing pipeline...
2026-07-24 20:15:50,457 - preprocessing - INFO - Fitting and transforming training features...
2026-07-24 20:15:50,478 - preprocessing - INFO - Transforming testing features...
2026-07-24 20:15:50,496 - preprocessing - INFO - Preprocessing completed. Encoded features dimensionality: 5
2026-07-24 20:15:50,506 - preprocessing - INFO - Cleaning raw dataset...
2026-07-24 20:15:50,511 - preprocessing - INFO - Data cleaning completed successfully.
2026-07-24 20:15:50,512 - preprocessing - INFO - Splitting data with test_size=0.25, stratifying on 'Churn'...
2026-07-24 20:15:50,525 - preprocessing - INFO - Split complete. Train shape: (15, 19), Test shape: (5, 19)
2026-07-24 20:15:50,525 - preprocessing - INFO - Initializing ColumnTransformer preprocessing pipeline...
2026-07-24 20:15:50,525 - preprocessing - INFO - Fitting and transforming training features...
2026-07-24 20:15:50,546 - preprocessing - INFO - Transforming testing features...
2026-07-24 20:15:50,560 - preprocessing - INFO - Preprocessing completed. Encoded features dimensionality: 5
2026-07-24 20:15:50,572 - preprocessing - INFO - Cleaning raw dataset...
2026-07-24 20:15:50,577 - preprocessing - INFO - Data cleaning completed successfully.
2026-07-24 20:15:50,577 - preprocessing - INFO - Splitting data with test_size=0.25, stratifying on 'Churn'...
2026-07-24 20:15:50,589 - preprocessing - INFO - Split complete. Train shape: (15, 19), Test shape: (5, 19)
2026-07-24 20:15:50,589 - preprocessing - INFO - Initializing ColumnTransformer preprocessing pipeline...
2026-07-24 20:15:50,589 - preprocessing - INFO - Fitting and transforming training features...
2026-07-24 20:15:50,611 - preprocessing - INFO - Transforming testing features...
2026-07-24 20:15:50,625 - preprocessing - INFO - Preprocessing completed. Encoded features dimensionality: 5
2026-07-24 20:15:50,634 - preprocessing - INFO - Cleaning raw dataset...
2026-07-24 20:15:50,640 - preprocessing - INFO - Data cleaning completed successfully.
2026-07-24 20:15:50,640 - preprocessing - INFO - Splitting data with test_size=0.25, stratifying on 'Churn'...
2026-07-24 20:15:50,652 - preprocessing - INFO - Split complete. Train shape: (15, 19), Test shape: (5, 19)
2026-07-24 20:15:50,652 - preprocessing - INFO - Initializing ColumnTransformer preprocessing pipeline...
2026-07-24 20:15:50,653 - preprocessing - INFO - Fitting and transforming training features...
2026-07-24 20:15:50,673 - preprocessing - INFO - Transforming testing features...
2026-07-24 20:15:50,687 - preprocessing - INFO - Preprocessing completed. Encoded features dimensionality: 5
2026-07-24 20:15:50,694 - preprocessing - INFO - Cleaning raw dataset...
2026-07-24 20:15:50,699 - preprocessing - INFO - Data cleaning completed successfully.
2026-07-24 20:15:50,700 - preprocessing - INFO - Splitting data with test_size=0.25, stratifying on 'Churn'...
2026-07-24 20:15:50,711 - preprocessing - INFO - Split complete. Train shape: (15, 19), Test shape: (5, 19)
2026-07-24 20:15:50,713 - preprocessing - INFO - Initializing ColumnTransformer preprocessing pipeline...
2026-07-24 20:15:50,713 - preprocessing - INFO - Fitting and transforming training features...
2026-07-24 20:15:50,733 - preprocessing - INFO - Transforming testing features...
2026-07-24 20:15:50,747 - preprocessing - INFO - Preprocessing completed. Encoded features dimensionality: 5
2026-07-24 20:17:24,102 - preprocessing - INFO - Loading raw data from C:\Users\sisir\AppData\Local\Temp\pytest-of-Sisira\pytest-10\test_load_data_returns_datafra0\sample.csv...
2026-07-24 20:17:24,110 - preprocessing - INFO - Successfully loaded data. Shape: (20, 21)
2026-07-24 20:17:24,113 - preprocessing - INFO - Inspecting raw DataFrame statistics...
2026-07-24 20:17:24,117 - preprocessing - INFO - DataFrame inspection completed successfully.
2026-07-24 20:17:24,121 - preprocessing - INFO - Inspecting raw DataFrame statistics...
2026-07-24 20:17:24,124 - preprocessing - INFO - DataFrame inspection completed successfully.
2026-07-24 20:17:24,126 - preprocessing - INFO - Cleaning raw dataset...
2026-07-24 20:17:24,128 - preprocessing - INFO - Data cleaning completed successfully.
2026-07-24 20:17:24,131 - preprocessing - INFO - Cleaning raw dataset...
2026-07-24 20:17:24,132 - preprocessing - INFO - Data cleaning completed successfully.
2026-07-24 20:17:24,135 - preprocessing - INFO - Cleaning raw dataset...
2026-07-24 20:17:24,137 - preprocessing - INFO - Data cleaning completed successfully.
2026-07-24 20:17:24,140 - preprocessing - INFO - Cleaning raw dataset...
2026-07-24 20:17:24,141 - preprocessing - INFO - Data cleaning completed successfully.
2026-07-24 20:17:24,147 - preprocessing - INFO - Cleaning raw dataset...
2026-07-24 20:17:24,150 - preprocessing - INFO - Data cleaning completed successfully.
2026-07-24 20:17:24,150 - preprocessing - INFO - Splitting data with test_size=0.25, stratifying on 'Churn'...
2026-07-24 20:17:24,154 - preprocessing - INFO - Split complete. Train shape: (15, 19), Test shape: (5, 19)
2026-07-24 20:17:24,157 - preprocessing - INFO - Cleaning raw dataset...
2026-07-24 20:17:24,159 - preprocessing - INFO - Data cleaning completed successfully.
2026-07-24 20:17:24,159 - preprocessing - INFO - Splitting data with test_size=0.5, stratifying on 'Churn'...
2026-07-24 20:17:24,163 - preprocessing - INFO - Split complete. Train shape: (10, 19), Test shape: (10, 19)
2026-07-24 20:17:24,167 - preprocessing - INFO - Cleaning raw dataset...
2026-07-24 20:17:24,168 - preprocessing - INFO - Data cleaning completed successfully.
2026-07-24 20:17:24,169 - preprocessing - INFO - Splitting data with test_size=0.2, stratifying on 'Churn'...
2026-07-24 20:17:24,172 - preprocessing - INFO - Split complete. Train shape: (16, 19), Test shape: (4, 19)
2026-07-24 20:17:24,172 - preprocessing - INFO - Splitting data with test_size=0.2, stratifying on 'Churn'...
2026-07-24 20:17:24,176 - preprocessing - INFO - Split complete. Train shape: (16, 19), Test shape: (4, 19)
2026-07-24 20:17:24,185 - preprocessing - INFO - Cleaning raw dataset...
2026-07-24 20:17:24,186 - preprocessing - INFO - Data cleaning completed successfully.
2026-07-24 20:17:24,186 - preprocessing - INFO - Splitting data with test_size=0.25, stratifying on 'Churn'...
2026-07-24 20:17:24,190 - preprocessing - INFO - Split complete. Train shape: (15, 19), Test shape: (5, 19)
2026-07-24 20:17:24,190 - preprocessing - INFO - Initializing ColumnTransformer preprocessing pipeline...
2026-07-24 20:17:24,190 - preprocessing - INFO - Fitting and transforming training features...
2026-07-24 20:17:24,202 - preprocessing - INFO - Transforming testing features...
2026-07-24 20:17:24,208 - preprocessing - INFO - Preprocessing completed. Encoded features dimensionality: 5
2026-07-24 20:17:24,211 - preprocessing - INFO - Cleaning raw dataset...
2026-07-24 20:17:24,213 - preprocessing - INFO - Data cleaning completed successfully.
2026-07-24 20:17:24,213 - preprocessing - INFO - Splitting data with test_size=0.25, stratifying on 'Churn'...
2026-07-24 20:17:24,216 - preprocessing - INFO - Split complete. Train shape: (15, 19), Test shape: (5, 19)
2026-07-24 20:17:24,216 - preprocessing - INFO - Initializing ColumnTransformer preprocessing pipeline...
2026-07-24 20:17:24,216 - preprocessing - INFO - Fitting and transforming training features...
2026-07-24 20:17:24,224 - preprocessing - INFO - Transforming testing features...
2026-07-24 20:17:24,229 - preprocessing - INFO - Preprocessing completed. Encoded features dimensionality: 5
2026-07-24 20:17:24,232 - preprocessing - INFO - Cleaning raw dataset...
2026-07-24 20:17:24,233 - preprocessing - INFO - Data cleaning completed successfully.
2026-07-24 20:17:24,233 - preprocessing - INFO - Splitting data with test_size=0.25, stratifying on 'Churn'...
2026-07-24 20:17:24,237 - preprocessing - INFO - Split complete. Train shape: (15, 19), Test shape: (5, 19)
2026-07-24 20:17:24,237 - preprocessing - INFO - Initializing ColumnTransformer preprocessing pipeline...
2026-07-24 20:17:24,237 - preprocessing - INFO - Fitting and transforming training features...
2026-07-24 20:17:24,245 - preprocessing - INFO - Transforming testing features...
2026-07-24 20:17:24,249 - preprocessing - INFO - Preprocessing completed. Encoded features dimensionality: 5
2026-07-24 20:17:24,254 - preprocessing - INFO - Cleaning raw dataset...
2026-07-24 20:17:24,256 - preprocessing - INFO - Data cleaning completed successfully.
2026-07-24 20:17:24,256 - preprocessing - INFO - Splitting data with test_size=0.25, stratifying on 'Churn'...
2026-07-24 20:17:24,260 - preprocessing - INFO - Split complete. Train shape: (15, 19), Test shape: (5, 19)
2026-07-24 20:17:24,260 - preprocessing - INFO - Initializing ColumnTransformer preprocessing pipeline...
2026-07-24 20:17:24,260 - preprocessing - INFO - Fitting and transforming training features...
2026-07-24 20:17:24,268 - preprocessing - INFO - Transforming testing features...
2026-07-24 20:17:24,273 - preprocessing - INFO - Preprocessing completed. Encoded features dimensionality: 5
2026-07-24 20:17:24,276 - preprocessing - INFO - Cleaning raw dataset...
2026-07-24 20:17:24,278 - preprocessing - INFO - Data cleaning completed successfully.
2026-07-24 20:17:24,279 - preprocessing - INFO - Splitting data with test_size=0.25, stratifying on 'Churn'...
2026-07-24 20:17:24,282 - preprocessing - INFO - Split complete. Train shape: (15, 19), Test shape: (5, 19)
2026-07-24 20:17:24,283 - preprocessing - INFO - Initializing ColumnTransformer preprocessing pipeline...
2026-07-24 20:17:24,283 - preprocessing - INFO - Fitting and transforming training features...
2026-07-24 20:17:24,291 - preprocessing - INFO - Transforming testing features...
2026-07-24 20:17:24,296 - preprocessing - INFO - Preprocessing completed. Encoded features dimensionality: 5
2026-07-24 20:19:19,167 - preprocessing - INFO - Loading raw data from C:\Users\sisir\AppData\Local\Temp\pytest-of-Sisira\pytest-11\test_load_data_returns_datafra0\sample.csv...
2026-07-24 20:19:19,174 - preprocessing - INFO - Successfully loaded data. Shape: (20, 21)
2026-07-24 20:19:19,177 - preprocessing - INFO - Inspecting raw DataFrame statistics...
2026-07-24 20:19:19,183 - preprocessing - INFO - DataFrame inspection completed successfully.
2026-07-24 20:19:19,187 - preprocessing - INFO - Inspecting raw DataFrame statistics...
2026-07-24 20:19:19,190 - preprocessing - INFO - DataFrame inspection completed successfully.
2026-07-24 20:19:19,192 - preprocessing - INFO - Cleaning raw dataset...
2026-07-24 20:19:19,194 - preprocessing - INFO - Data cleaning completed successfully.
2026-07-24 20:19:19,197 - preprocessing - INFO - Cleaning raw dataset...
2026-07-24 20:19:19,198 - preprocessing - INFO - Data cleaning completed successfully.
2026-07-24 20:19:19,201 - preprocessing - INFO - Cleaning raw dataset...
2026-07-24 20:19:19,202 - preprocessing - INFO - Data cleaning completed successfully.
2026-07-24 20:19:19,205 - preprocessing - INFO - Cleaning raw dataset...
2026-07-24 20:19:19,206 - preprocessing - INFO - Data cleaning completed successfully.
2026-07-24 20:19:19,213 - preprocessing - INFO - Cleaning raw dataset...
2026-07-24 20:19:19,215 - preprocessing - INFO - Data cleaning completed successfully.
2026-07-24 20:19:19,215 - preprocessing - INFO - Splitting data with test_size=0.25, stratifying on 'Churn'...
2026-07-24 20:19:19,220 - preprocessing - INFO - Split complete. Train shape: (15, 19), Test shape: (5, 19)
2026-07-24 20:19:19,223 - preprocessing - INFO - Cleaning raw dataset...
2026-07-24 20:19:19,224 - preprocessing - INFO - Data cleaning completed successfully.
2026-07-24 20:19:19,225 - preprocessing - INFO - Splitting data with test_size=0.5, stratifying on 'Churn'...
2026-07-24 20:19:19,230 - preprocessing - INFO - Split complete. Train shape: (10, 19), Test shape: (10, 19)
2026-07-24 20:19:19,234 - preprocessing - INFO - Cleaning raw dataset...
2026-07-24 20:19:19,236 - preprocessing - INFO - Data cleaning completed successfully.
2026-07-24 20:19:19,236 - preprocessing - INFO - Splitting data with test_size=0.2, stratifying on 'Churn'...
2026-07-24 20:19:19,239 - preprocessing - INFO - Split complete. Train shape: (16, 19), Test shape: (4, 19)
2026-07-24 20:19:19,239 - preprocessing - INFO - Splitting data with test_size=0.2, stratifying on 'Churn'...
2026-07-24 20:19:19,243 - preprocessing - INFO - Split complete. Train shape: (16, 19), Test shape: (4, 19)
2026-07-24 20:19:19,252 - preprocessing - INFO - Cleaning raw dataset...
2026-07-24 20:19:19,254 - preprocessing - INFO - Data cleaning completed successfully.
2026-07-24 20:19:19,254 - preprocessing - INFO - Splitting data with test_size=0.25, stratifying on 'Churn'...
2026-07-24 20:19:19,257 - preprocessing - INFO - Split complete. Train shape: (15, 19), Test shape: (5, 19)
2026-07-24 20:19:19,258 - preprocessing - INFO - Initializing ColumnTransformer preprocessing pipeline...
2026-07-24 20:19:19,258 - preprocessing - INFO - Fitting and transforming training features...
2026-07-24 20:19:19,265 - preprocessing - INFO - Transforming testing features...
2026-07-24 20:19:19,272 - preprocessing - INFO - Preprocessing completed. Encoded features dimensionality: 5
2026-07-24 20:19:19,276 - preprocessing - INFO - Cleaning raw dataset...
2026-07-24 20:19:19,278 - preprocessing - INFO - Data cleaning completed successfully.
2026-07-24 20:19:19,278 - preprocessing - INFO - Splitting data with test_size=0.25, stratifying on 'Churn'...
2026-07-24 20:19:19,282 - preprocessing - INFO - Split complete. Train shape: (15, 19), Test shape: (5, 19)
2026-07-24 20:19:19,282 - preprocessing - INFO - Initializing ColumnTransformer preprocessing pipeline...
2026-07-24 20:19:19,282 - preprocessing - INFO - Fitting and transforming training features...
2026-07-24 20:19:19,291 - preprocessing - INFO - Transforming testing features...
2026-07-24 20:19:19,296 - preprocessing - INFO - Preprocessing completed. Encoded features dimensionality: 5
2026-07-24 20:19:19,299 - preprocessing - INFO - Cleaning raw dataset...
2026-07-24 20:19:19,301 - preprocessing - INFO - Data cleaning completed successfully.
2026-07-24 20:19:19,301 - preprocessing - INFO - Splitting data with test_size=0.25, stratifying on 'Churn'...
2026-07-24 20:19:19,305 - preprocessing - INFO - Split complete. Train shape: (15, 19), Test shape: (5, 19)
2026-07-24 20:19:19,305 - preprocessing - INFO - Initializing ColumnTransformer preprocessing pipeline...
2026-07-24 20:19:19,305 - preprocessing - INFO - Fitting and transforming training features...
2026-07-24 20:19:19,317 - preprocessing - INFO - Transforming testing features...
2026-07-24 20:19:19,323 - preprocessing - INFO - Preprocessing completed. Encoded features dimensionality: 5
2026-07-24 20:19:19,325 - preprocessing - INFO - Cleaning raw dataset...
2026-07-24 20:19:19,327 - preprocessing - INFO - Data cleaning completed successfully.
2026-07-24 20:19:19,327 - preprocessing - INFO - Splitting data with test_size=0.25, stratifying on 'Churn'...
2026-07-24 20:19:19,331 - preprocessing - INFO - Split complete. Train shape: (15, 19), Test shape: (5, 19)
2026-07-24 20:19:19,331 - preprocessing - INFO - Initializing ColumnTransformer preprocessing pipeline...
2026-07-24 20:19:19,331 - preprocessing - INFO - Fitting and transforming training features...
2026-07-24 20:19:19,341 - preprocessing - INFO - Transforming testing features...
2026-07-24 20:19:19,346 - preprocessing - INFO - Preprocessing completed. Encoded features dimensionality: 5
2026-07-24 20:19:19,349 - preprocessing - INFO - Cleaning raw dataset...
2026-07-24 20:19:19,351 - preprocessing - INFO - Data cleaning completed successfully.
2026-07-24 20:19:19,351 - preprocessing - INFO - Splitting data with test_size=0.25, stratifying on 'Churn'...
2026-07-24 20:19:19,355 - preprocessing - INFO - Split complete. Train shape: (15, 19), Test shape: (5, 19)
2026-07-24 20:19:19,355 - preprocessing - INFO - Initializing ColumnTransformer preprocessing pipeline...
2026-07-24 20:19:19,355 - preprocessing - INFO - Fitting and transforming training features...
2026-07-24 20:19:19,363 - preprocessing - INFO - Transforming testing features...
2026-07-24 20:19:19,368 - preprocessing - INFO - Preprocessing completed. Encoded features dimensionality: 5
2026-07-24 20:21:10,557 - preprocessing - INFO - Loading raw data from C:\Users\sisir\AppData\Local\Temp\pytest-of-Sisira\pytest-12\test_load_data_returns_datafra0\sample.csv...
2026-07-24 20:21:10,575 - preprocessing - INFO - Successfully loaded data. Shape: (20, 21)
2026-07-24 20:21:10,586 - preprocessing - INFO - Inspecting raw DataFrame statistics...
2026-07-24 20:21:10,600 - preprocessing - INFO - DataFrame inspection completed successfully.
2026-07-24 20:21:10,612 - preprocessing - INFO - Inspecting raw DataFrame statistics...
2026-07-24 20:21:10,621 - preprocessing - INFO - DataFrame inspection completed successfully.
2026-07-24 20:21:10,631 - preprocessing - INFO - Cleaning raw dataset...
2026-07-24 20:21:10,636 - preprocessing - INFO - Data cleaning completed successfully.
2026-07-24 20:21:10,645 - preprocessing - INFO - Cleaning raw dataset...
2026-07-24 20:21:10,651 - preprocessing - INFO - Data cleaning completed successfully.
2026-07-24 20:21:10,659 - preprocessing - INFO - Cleaning raw dataset...
2026-07-24 20:21:10,666 - preprocessing - INFO - Data cleaning completed successfully.
2026-07-24 20:21:10,674 - preprocessing - INFO - Cleaning raw dataset...
2026-07-24 20:21:10,679 - preprocessing - INFO - Data cleaning completed successfully.
2026-07-24 20:21:10,702 - preprocessing - INFO - Cleaning raw dataset...
2026-07-24 20:21:10,708 - preprocessing - INFO - Data cleaning completed successfully.
2026-07-24 20:21:10,709 - preprocessing - INFO - Splitting data with test_size=0.25, stratifying on 'Churn'...
2026-07-24 20:21:10,724 - preprocessing - INFO - Split complete. Train shape: (15, 19), Test shape: (5, 19)
2026-07-24 20:21:10,733 - preprocessing - INFO - Cleaning raw dataset...
2026-07-24 20:21:10,739 - preprocessing - INFO - Data cleaning completed successfully.
2026-07-24 20:21:10,740 - preprocessing - INFO - Splitting data with test_size=0.5, stratifying on 'Churn'...
2026-07-24 20:21:10,752 - preprocessing - INFO - Split complete. Train shape: (10, 19), Test shape: (10, 19)
2026-07-24 20:21:10,762 - preprocessing - INFO - Cleaning raw dataset...
2026-07-24 20:21:10,767 - preprocessing - INFO - Data cleaning completed successfully.
2026-07-24 20:21:10,767 - preprocessing - INFO - Splitting data with test_size=0.2, stratifying on 'Churn'...
2026-07-24 20:21:10,781 - preprocessing - INFO - Split complete. Train shape: (16, 19), Test shape: (4, 19)
2026-07-24 20:21:10,782 - preprocessing - INFO - Splitting data with test_size=0.2, stratifying on 'Churn'...
2026-07-24 20:21:10,796 - preprocessing - INFO - Split complete. Train shape: (16, 19), Test shape: (4, 19)
2026-07-24 20:21:10,829 - preprocessing - INFO - Cleaning raw dataset...
2026-07-24 20:21:10,834 - preprocessing - INFO - Data cleaning completed successfully.
2026-07-24 20:21:10,835 - preprocessing - INFO - Splitting data with test_size=0.25, stratifying on 'Churn'...
2026-07-24 20:21:10,846 - preprocessing - INFO - Split complete. Train shape: (15, 19), Test shape: (5, 19)
2026-07-24 20:21:10,847 - preprocessing - INFO - Initializing ColumnTransformer preprocessing pipeline...
2026-07-24 20:21:10,847 - preprocessing - INFO - Fitting and transforming training features...
2026-07-24 20:21:10,869 - preprocessing - INFO - Transforming testing features...
2026-07-24 20:21:10,882 - preprocessing - INFO - Preprocessing completed. Encoded features dimensionality: 5
2026-07-24 20:21:10,889 - preprocessing - INFO - Cleaning raw dataset...
2026-07-24 20:21:10,893 - preprocessing - INFO - Data cleaning completed successfully.
2026-07-24 20:21:10,893 - preprocessing - INFO - Splitting data with test_size=0.25, stratifying on 'Churn'...
2026-07-24 20:21:10,907 - preprocessing - INFO - Split complete. Train shape: (15, 19), Test shape: (5, 19)
2026-07-24 20:21:10,907 - preprocessing - INFO - Initializing ColumnTransformer preprocessing pipeline...
2026-07-24 20:21:10,908 - preprocessing - INFO - Fitting and transforming training features...
2026-07-24 20:21:10,931 - preprocessing - INFO - Transforming testing features...
2026-07-24 20:21:10,946 - preprocessing - INFO - Preprocessing completed. Encoded features dimensionality: 5
2026-07-24 20:21:10,958 - preprocessing - INFO - Cleaning raw dataset...
2026-07-24 20:21:10,967 - preprocessing - INFO - Data cleaning completed successfully.
2026-07-24 20:21:10,967 - preprocessing - INFO - Splitting data with test_size=0.25, stratifying on 'Churn'...
2026-07-24 20:21:10,984 - preprocessing - INFO - Split complete. Train shape: (15, 19), Test shape: (5, 19)
2026-07-24 20:21:10,984 - preprocessing - INFO - Initializing ColumnTransformer preprocessing pipeline...
2026-07-24 20:21:10,985 - preprocessing - INFO - Fitting and transforming training features...
2026-07-24 20:21:11,007 - preprocessing - INFO - Transforming testing features...
2026-07-24 20:21:11,022 - preprocessing - INFO - Preprocessing completed. Encoded features dimensionality: 5
2026-07-24 20:21:11,033 - preprocessing - INFO - Cleaning raw dataset...
2026-07-24 20:21:11,038 - preprocessing - INFO - Data cleaning completed successfully.
2026-07-24 20:21:11,039 - preprocessing - INFO - Splitting data with test_size=0.25, stratifying on 'Churn'...
2026-07-24 20:21:11,050 - preprocessing - INFO - Split complete. Train shape: (15, 19), Test shape: (5, 19)
2026-07-24 20:21:11,051 - preprocessing - INFO - Initializing ColumnTransformer preprocessing pipeline...
2026-07-24 20:21:11,051 - preprocessing - INFO - Fitting and transforming training features...
2026-07-24 20:21:11,072 - preprocessing - INFO - Transforming testing features...
2026-07-24 20:21:11,085 - preprocessing - INFO - Preprocessing completed. Encoded features dimensionality: 5
2026-07-24 20:21:11,093 - preprocessing - INFO - Cleaning raw dataset...
2026-07-24 20:21:11,097 - preprocessing - INFO - Data cleaning completed successfully.
2026-07-24 20:21:11,098 - preprocessing - INFO - Splitting data with test_size=0.25, stratifying on 'Churn'...
2026-07-24 20:21:11,109 - preprocessing - INFO - Split complete. Train shape: (15, 19), Test shape: (5, 19)
2026-07-24 20:21:11,111 - preprocessing - INFO - Initializing ColumnTransformer preprocessing pipeline...
2026-07-24 20:21:11,111 - preprocessing - INFO - Fitting and transforming training features...
2026-07-24 20:21:11,130 - preprocessing - INFO - Transforming testing features...
2026-07-24 20:21:11,145 - preprocessing - INFO - Preprocessing completed. Encoded features dimensionality: 5
2026-07-24 20:25:35,146 - preprocessing - INFO - Loading raw data from data/WA_Fn-UseC_-Telco-Customer-Churn.csv...
2026-07-24 20:25:35,228 - preprocessing - INFO - Successfully loaded data. Shape: (7043, 21)
2026-07-24 20:25:35,229 - preprocessing - INFO - Cleaning raw dataset...
2026-07-24 20:25:35,256 - preprocessing - INFO - Data cleaning completed successfully.
2026-07-24 20:27:45,093 - preprocessing - INFO - Loading raw data from C:\Users\sisir\AppData\Local\Temp\pytest-of-Sisira\pytest-13\test_load_data_returns_datafra0\sample.csv...
2026-07-24 20:27:45,101 - preprocessing - INFO - Successfully loaded data. Shape: (20, 21)
2026-07-24 20:27:45,104 - preprocessing - INFO - Inspecting raw DataFrame statistics...
2026-07-24 20:27:45,109 - preprocessing - INFO - DataFrame inspection completed successfully.
2026-07-24 20:27:45,114 - preprocessing - INFO - Inspecting raw DataFrame statistics...
2026-07-24 20:27:45,117 - preprocessing - INFO - DataFrame inspection completed successfully.
2026-07-24 20:27:45,120 - preprocessing - INFO - Cleaning raw dataset...
2026-07-24 20:27:45,122 - preprocessing - INFO - Data cleaning completed successfully.
2026-07-24 20:27:45,125 - preprocessing - INFO - Cleaning raw dataset...
2026-07-24 20:27:45,127 - preprocessing - INFO - Data cleaning completed successfully.
2026-07-24 20:27:45,129 - preprocessing - INFO - Cleaning raw dataset...
2026-07-24 20:27:45,130 - preprocessing - INFO - Data cleaning completed successfully.
2026-07-24 20:27:45,133 - preprocessing - INFO - Cleaning raw dataset...
2026-07-24 20:27:45,134 - preprocessing - INFO - Data cleaning completed successfully.
2026-07-24 20:27:45,140 - preprocessing - INFO - Cleaning raw dataset...
2026-07-24 20:27:45,142 - preprocessing - INFO - Data cleaning completed successfully.
2026-07-24 20:27:45,142 - preprocessing - INFO - Splitting data with test_size=0.25, stratifying on 'Churn'...
2026-07-24 20:27:45,146 - preprocessing - INFO - Split complete. Train shape: (15, 19), Test shape: (5, 19)
2026-07-24 20:27:45,148 - preprocessing - INFO - Cleaning raw dataset...
2026-07-24 20:27:45,150 - preprocessing - INFO - Data cleaning completed successfully.
2026-07-24 20:27:45,151 - preprocessing - INFO - Splitting data with test_size=0.5, stratifying on 'Churn'...
2026-07-24 20:27:45,154 - preprocessing - INFO - Split complete. Train shape: (10, 19), Test shape: (10, 19)
2026-07-24 20:27:45,157 - preprocessing - INFO - Cleaning raw dataset...
2026-07-24 20:27:45,159 - preprocessing - INFO - Data cleaning completed successfully.
2026-07-24 20:27:45,159 - preprocessing - INFO - Splitting data with test_size=0.2, stratifying on 'Churn'...
2026-07-24 20:27:45,162 - preprocessing - INFO - Split complete. Train shape: (16, 19), Test shape: (4, 19)
2026-07-24 20:27:45,162 - preprocessing - INFO - Splitting data with test_size=0.2, stratifying on 'Churn'...
2026-07-24 20:27:45,166 - preprocessing - INFO - Split complete. Train shape: (16, 19), Test shape: (4, 19)
2026-07-24 20:27:45,174 - preprocessing - INFO - Cleaning raw dataset...
2026-07-24 20:27:45,176 - preprocessing - INFO - Data cleaning completed successfully.
2026-07-24 20:27:45,176 - preprocessing - INFO - Splitting data with test_size=0.25, stratifying on 'Churn'...
2026-07-24 20:27:45,179 - preprocessing - INFO - Split complete. Train shape: (15, 19), Test shape: (5, 19)
2026-07-24 20:27:45,180 - preprocessing - INFO - Initializing ColumnTransformer preprocessing pipeline...
2026-07-24 20:27:45,180 - preprocessing - INFO - Fitting and transforming training features...
2026-07-24 20:27:45,190 - preprocessing - INFO - Transforming testing features...
2026-07-24 20:27:45,196 - preprocessing - INFO - Preprocessing completed. Encoded features dimensionality: 5
2026-07-24 20:27:45,199 - preprocessing - INFO - Cleaning raw dataset...
2026-07-24 20:27:45,201 - preprocessing - INFO - Data cleaning completed successfully.
2026-07-24 20:27:45,201 - preprocessing - INFO - Splitting data with test_size=0.25, stratifying on 'Churn'...
2026-07-24 20:27:45,204 - preprocessing - INFO - Split complete. Train shape: (15, 19), Test shape: (5, 19)
2026-07-24 20:27:45,204 - preprocessing - INFO - Initializing ColumnTransformer preprocessing pipeline...
2026-07-24 20:27:45,204 - preprocessing - INFO - Fitting and transforming training features...
2026-07-24 20:27:45,212 - preprocessing - INFO - Transforming testing features...
2026-07-24 20:27:45,216 - preprocessing - INFO - Preprocessing completed. Encoded features dimensionality: 5
2026-07-24 20:27:45,219 - preprocessing - INFO - Cleaning raw dataset...
2026-07-24 20:27:45,221 - preprocessing - INFO - Data cleaning completed successfully.
2026-07-24 20:27:45,221 - preprocessing - INFO - Splitting data with test_size=0.25, stratifying on 'Churn'...
2026-07-24 20:27:45,224 - preprocessing - INFO - Split complete. Train shape: (15, 19), Test shape: (5, 19)
2026-07-24 20:27:45,225 - preprocessing - INFO - Initializing ColumnTransformer preprocessing pipeline...
2026-07-24 20:27:45,225 - preprocessing - INFO - Fitting and transforming training features...
2026-07-24 20:27:45,232 - preprocessing - INFO - Transforming testing features...
2026-07-24 20:27:45,236 - preprocessing - INFO - Preprocessing completed. Encoded features dimensionality: 5
2026-07-24 20:27:45,239 - preprocessing - INFO - Cleaning raw dataset...
2026-07-24 20:27:45,240 - preprocessing - INFO - Data cleaning completed successfully.
2026-07-24 20:27:45,241 - preprocessing - INFO - Splitting data with test_size=0.25, stratifying on 'Churn'...
2026-07-24 20:27:45,244 - preprocessing - INFO - Split complete. Train shape: (15, 19), Test shape: (5, 19)
2026-07-24 20:27:45,244 - preprocessing - INFO - Initializing ColumnTransformer preprocessing pipeline...
2026-07-24 20:27:45,244 - preprocessing - INFO - Fitting and transforming training features...
2026-07-24 20:27:45,251 - preprocessing - INFO - Transforming testing features...
2026-07-24 20:27:45,256 - preprocessing - INFO - Preprocessing completed. Encoded features dimensionality: 5
2026-07-24 20:27:45,259 - preprocessing - INFO - Cleaning raw dataset...
2026-07-24 20:27:45,260 - preprocessing - INFO - Data cleaning completed successfully.
2026-07-24 20:27:45,260 - preprocessing - INFO - Splitting data with test_size=0.25, stratifying on 'Churn'...
2026-07-24 20:27:45,264 - preprocessing - INFO - Split complete. Train shape: (15, 19), Test shape: (5, 19)
2026-07-24 20:27:45,264 - preprocessing - INFO - Initializing ColumnTransformer preprocessing pipeline...
2026-07-24 20:27:45,264 - preprocessing - INFO - Fitting and transforming training features...
2026-07-24 20:27:45,271 - preprocessing - INFO - Transforming testing features...
2026-07-24 20:27:45,277 - preprocessing - INFO - Preprocessing completed. Encoded features dimensionality: 5
2026-07-24 20:30:28,482 - preprocessing - INFO - Loading raw data from C:\Users\sisir\AppData\Local\Temp\pytest-of-Sisira\pytest-14\test_load_data_returns_datafra0\sample.csv...
2026-07-24 20:30:28,489 - preprocessing - INFO - Successfully loaded data. Shape: (20, 21)
2026-07-24 20:30:28,493 - preprocessing - INFO - Inspecting raw DataFrame statistics...
2026-07-24 20:30:28,499 - preprocessing - INFO - DataFrame inspection completed successfully.
2026-07-24 20:30:28,503 - preprocessing - INFO - Inspecting raw DataFrame statistics...
2026-07-24 20:30:28,506 - preprocessing - INFO - DataFrame inspection completed successfully.
2026-07-24 20:30:28,508 - preprocessing - INFO - Cleaning raw dataset...
2026-07-24 20:30:28,510 - preprocessing - INFO - Data cleaning completed successfully.
2026-07-24 20:30:28,512 - preprocessing - INFO - Cleaning raw dataset...
2026-07-24 20:30:28,514 - preprocessing - INFO - Data cleaning completed successfully.
2026-07-24 20:30:28,516 - preprocessing - INFO - Cleaning raw dataset...
2026-07-24 20:30:28,518 - preprocessing - INFO - Data cleaning completed successfully.
2026-07-24 20:30:28,521 - preprocessing - INFO - Cleaning raw dataset...
2026-07-24 20:30:28,522 - preprocessing - INFO - Data cleaning completed successfully.
2026-07-24 20:30:28,528 - preprocessing - INFO - Cleaning raw dataset...
2026-07-24 20:30:28,530 - preprocessing - INFO - Data cleaning completed successfully.
2026-07-24 20:30:28,530 - preprocessing - INFO - Splitting data with test_size=0.25, stratifying on 'Churn'...
2026-07-24 20:30:28,535 - preprocessing - INFO - Split complete. Train shape: (15, 19), Test shape: (5, 19)
2026-07-24 20:30:28,538 - preprocessing - INFO - Cleaning raw dataset...
2026-07-24 20:30:28,540 - preprocessing - INFO - Data cleaning completed successfully.
2026-07-24 20:30:28,540 - preprocessing - INFO - Splitting data with test_size=0.5, stratifying on 'Churn'...
2026-07-24 20:30:28,544 - preprocessing - INFO - Split complete. Train shape: (10, 19), Test shape: (10, 19)
2026-07-24 20:30:28,547 - preprocessing - INFO - Cleaning raw dataset...
2026-07-24 20:30:28,549 - preprocessing - INFO - Data cleaning completed successfully.
2026-07-24 20:30:28,549 - preprocessing - INFO - Splitting data with test_size=0.2, stratifying on 'Churn'...
2026-07-24 20:30:28,553 - preprocessing - INFO - Split complete. Train shape: (16, 19), Test shape: (4, 19)
2026-07-24 20:30:28,553 - preprocessing - INFO - Splitting data with test_size=0.2, stratifying on 'Churn'...
2026-07-24 20:30:28,556 - preprocessing - INFO - Split complete. Train shape: (16, 19), Test shape: (4, 19)
2026-07-24 20:30:28,566 - preprocessing - INFO - Cleaning raw dataset...
2026-07-24 20:30:28,568 - preprocessing - INFO - Data cleaning completed successfully.
2026-07-24 20:30:28,568 - preprocessing - INFO - Splitting data with test_size=0.25, stratifying on 'Churn'...
2026-07-24 20:30:28,571 - preprocessing - INFO - Split complete. Train shape: (15, 19), Test shape: (5, 19)
2026-07-24 20:30:28,571 - preprocessing - INFO - Initializing ColumnTransformer preprocessing pipeline...
2026-07-24 20:30:28,572 - preprocessing - INFO - Fitting and transforming training features...
2026-07-24 20:30:28,580 - preprocessing - INFO - Transforming testing features...
2026-07-24 20:30:28,589 - preprocessing - INFO - Preprocessing completed. Encoded features dimensionality: 5
2026-07-24 20:30:28,592 - preprocessing - INFO - Cleaning raw dataset...
2026-07-24 20:30:28,594 - preprocessing - INFO - Data cleaning completed successfully.
2026-07-24 20:30:28,594 - preprocessing - INFO - Splitting data with test_size=0.25, stratifying on 'Churn'...
2026-07-24 20:30:28,598 - preprocessing - INFO - Split complete. Train shape: (15, 19), Test shape: (5, 19)
2026-07-24 20:30:28,598 - preprocessing - INFO - Initializing ColumnTransformer preprocessing pipeline...
2026-07-24 20:30:28,598 - preprocessing - INFO - Fitting and transforming training features...
2026-07-24 20:30:28,606 - preprocessing - INFO - Transforming testing features...
2026-07-24 20:30:28,611 - preprocessing - INFO - Preprocessing completed. Encoded features dimensionality: 5
2026-07-24 20:30:28,614 - preprocessing - INFO - Cleaning raw dataset...
2026-07-24 20:30:28,616 - preprocessing - INFO - Data cleaning completed successfully.
2026-07-24 20:30:28,616 - preprocessing - INFO - Splitting data with test_size=0.25, stratifying on 'Churn'...
2026-07-24 20:30:28,620 - preprocessing - INFO - Split complete. Train shape: (15, 19), Test shape: (5, 19)
2026-07-24 20:30:28,620 - preprocessing - INFO - Initializing ColumnTransformer preprocessing pipeline...
2026-07-24 20:30:28,621 - preprocessing - INFO - Fitting and transforming training features...
2026-07-24 20:30:28,628 - preprocessing - INFO - Transforming testing features...
2026-07-24 20:30:28,633 - preprocessing - INFO - Preprocessing completed. Encoded features dimensionality: 5
2026-07-24 20:30:28,636 - preprocessing - INFO - Cleaning raw dataset...
2026-07-24 20:30:28,638 - preprocessing - INFO - Data cleaning completed successfully.
2026-07-24 20:30:28,638 - preprocessing - INFO - Splitting data with test_size=0.25, stratifying on 'Churn'...
2026-07-24 20:30:28,642 - preprocessing - INFO - Split complete. Train shape: (15, 19), Test shape: (5, 19)
2026-07-24 20:30:28,642 - preprocessing - INFO - Initializing ColumnTransformer preprocessing pipeline...
2026-07-24 20:30:28,642 - preprocessing - INFO - Fitting and transforming training features...
2026-07-24 20:30:28,649 - preprocessing - INFO - Transforming testing features...
2026-07-24 20:30:28,654 - preprocessing - INFO - Preprocessing completed. Encoded features dimensionality: 5
2026-07-24 20:30:28,657 - preprocessing - INFO - Cleaning raw dataset...
2026-07-24 20:30:28,659 - preprocessing - INFO - Data cleaning completed successfully.
2026-07-24 20:30:28,659 - preprocessing - INFO - Splitting data with test_size=0.25, stratifying on 'Churn'...
2026-07-24 20:30:28,663 - preprocessing - INFO - Split complete. Train shape: (15, 19), Test shape: (5, 19)
2026-07-24 20:30:28,664 - preprocessing - INFO - Initializing ColumnTransformer preprocessing pipeline...
2026-07-24 20:30:28,664 - preprocessing - INFO - Fitting and transforming training features...
2026-07-24 20:30:28,671 - preprocessing - INFO - Transforming testing features...
2026-07-24 20:30:28,677 - preprocessing - INFO - Preprocessing completed. Encoded features dimensionality: 5
2026-07-24 20:32:41,167 - preprocessing - INFO - Loading raw data from C:\Users\sisir\AppData\Local\Temp\pytest-of-Sisira\pytest-15\test_load_data_returns_datafra0\sample.csv...
2026-07-24 20:32:41,173 - preprocessing - INFO - Successfully loaded data. Shape: (20, 21)
2026-07-24 20:32:41,176 - preprocessing - INFO - Inspecting raw DataFrame statistics...
2026-07-24 20:32:41,180 - preprocessing - INFO - DataFrame inspection completed successfully.
2026-07-24 20:32:41,184 - preprocessing - INFO - Inspecting raw DataFrame statistics...
2026-07-24 20:32:41,187 - preprocessing - INFO - DataFrame inspection completed successfully.
2026-07-24 20:32:41,189 - preprocessing - INFO - Cleaning raw dataset...
2026-07-24 20:32:41,191 - preprocessing - INFO - Data cleaning completed successfully.
2026-07-24 20:32:41,194 - preprocessing - INFO - Cleaning raw dataset...
2026-07-24 20:32:41,195 - preprocessing - INFO - Data cleaning completed successfully.
2026-07-24 20:32:41,198 - preprocessing - INFO - Cleaning raw dataset...
2026-07-24 20:32:41,199 - preprocessing - INFO - Data cleaning completed successfully.
2026-07-24 20:32:41,202 - preprocessing - INFO - Cleaning raw dataset...
2026-07-24 20:32:41,203 - preprocessing - INFO - Data cleaning completed successfully.
2026-07-24 20:32:41,210 - preprocessing - INFO - Cleaning raw dataset...
2026-07-24 20:32:41,212 - preprocessing - INFO - Data cleaning completed successfully.
2026-07-24 20:32:41,212 - preprocessing - INFO - Splitting data with test_size=0.25, stratifying on 'Churn'...
2026-07-24 20:32:41,216 - preprocessing - INFO - Split complete. Train shape: (15, 19), Test shape: (5, 19)
2026-07-24 20:32:41,219 - preprocessing - INFO - Cleaning raw dataset...
2026-07-24 20:32:41,221 - preprocessing - INFO - Data cleaning completed successfully.
2026-07-24 20:32:41,221 - preprocessing - INFO - Splitting data with test_size=0.5, stratifying on 'Churn'...
2026-07-24 20:32:41,225 - preprocessing - INFO - Split complete. Train shape: (10, 19), Test shape: (10, 19)
2026-07-24 20:32:41,228 - preprocessing - INFO - Cleaning raw dataset...
2026-07-24 20:32:41,230 - preprocessing - INFO - Data cleaning completed successfully.
2026-07-24 20:32:41,230 - preprocessing - INFO - Splitting data with test_size=0.2, stratifying on 'Churn'...
2026-07-24 20:32:41,234 - preprocessing - INFO - Split complete. Train shape: (16, 19), Test shape: (4, 19)
2026-07-24 20:32:41,234 - preprocessing - INFO - Splitting data with test_size=0.2, stratifying on 'Churn'...
2026-07-24 20:32:41,238 - preprocessing - INFO - Split complete. Train shape: (16, 19), Test shape: (4, 19)
2026-07-24 20:32:41,248 - preprocessing - INFO - Cleaning raw dataset...
2026-07-24 20:32:41,250 - preprocessing - INFO - Data cleaning completed successfully.
2026-07-24 20:32:41,250 - preprocessing - INFO - Splitting data with test_size=0.25, stratifying on 'Churn'...
2026-07-24 20:32:41,254 - preprocessing - INFO - Split complete. Train shape: (15, 19), Test shape: (5, 19)
2026-07-24 20:32:41,254 - preprocessing - INFO - Initializing ColumnTransformer preprocessing pipeline...
2026-07-24 20:32:41,254 - preprocessing - INFO - Fitting and transforming training features...
2026-07-24 20:32:41,263 - preprocessing - INFO - Transforming testing features...
2026-07-24 20:32:41,269 - preprocessing - INFO - Preprocessing completed. Encoded features dimensionality: 5
2026-07-24 20:32:41,272 - preprocessing - INFO - Cleaning raw dataset...
2026-07-24 20:32:41,274 - preprocessing - INFO - Data cleaning completed successfully.
2026-07-24 20:32:41,274 - preprocessing - INFO - Splitting data with test_size=0.25, stratifying on 'Churn'...
2026-07-24 20:32:41,279 - preprocessing - INFO - Split complete. Train shape: (15, 19), Test shape: (5, 19)
2026-07-24 20:32:41,279 - preprocessing - INFO - Initializing ColumnTransformer preprocessing pipeline...
2026-07-24 20:32:41,279 - preprocessing - INFO - Fitting and transforming training features...
2026-07-24 20:32:41,287 - preprocessing - INFO - Transforming testing features...
2026-07-24 20:32:41,292 - preprocessing - INFO - Preprocessing completed. Encoded features dimensionality: 5
2026-07-24 20:32:41,295 - preprocessing - INFO - Cleaning raw dataset...
2026-07-24 20:32:41,297 - preprocessing - INFO - Data cleaning completed successfully.
2026-07-24 20:32:41,297 - preprocessing - INFO - Splitting data with test_size=0.25, stratifying on 'Churn'...
2026-07-24 20:32:41,301 - preprocessing - INFO - Split complete. Train shape: (15, 19), Test shape: (5, 19)
2026-07-24 20:32:41,301 - preprocessing - INFO - Initializing ColumnTransformer preprocessing pipeline...
2026-07-24 20:32:41,301 - preprocessing - INFO - Fitting and transforming training features...
2026-07-24 20:32:41,308 - preprocessing - INFO - Transforming testing features...
2026-07-24 20:32:41,314 - preprocessing - INFO - Preprocessing completed. Encoded features dimensionality: 5
2026-07-24 20:32:41,317 - preprocessing - INFO - Cleaning raw dataset...
2026-07-24 20:32:41,319 - preprocessing - INFO - Data cleaning completed successfully.
2026-07-24 20:32:41,319 - preprocessing - INFO - Splitting data with test_size=0.25, stratifying on 'Churn'...
2026-07-24 20:32:41,323 - preprocessing - INFO - Split complete. Train shape: (15, 19), Test shape: (5, 19)
2026-07-24 20:32:41,323 - preprocessing - INFO - Initializing ColumnTransformer preprocessing pipeline...
2026-07-24 20:32:41,323 - preprocessing - INFO - Fitting and transforming training features...
2026-07-24 20:32:41,330 - preprocessing - INFO - Transforming testing features...
2026-07-24 20:32:41,335 - preprocessing - INFO - Preprocessing completed. Encoded features dimensionality: 5
2026-07-24 20:32:41,338 - preprocessing - INFO - Cleaning raw dataset...
2026-07-24 20:32:41,340 - preprocessing - INFO - Data cleaning completed successfully.
2026-07-24 20:32:41,340 - preprocessing - INFO - Splitting data with test_size=0.25, stratifying on 'Churn'...
2026-07-24 20:32:41,344 - preprocessing - INFO - Split complete. Train shape: (15, 19), Test shape: (5, 19)
2026-07-24 20:32:41,344 - preprocessing - INFO - Initializing ColumnTransformer preprocessing pipeline...
2026-07-24 20:32:41,345 - preprocessing - INFO - Fitting and transforming training features...
2026-07-24 20:32:41,352 - preprocessing - INFO - Transforming testing features...
2026-07-24 20:32:41,358 - preprocessing - INFO - Preprocessing completed. Encoded features dimensionality: 5
2026-07-24 20:38:26,992 - preprocessing - INFO - Loading raw data from C:\Users\sisir\AppData\Local\Temp\pytest-of-Sisira\pytest-16\test_load_data_returns_datafra0\sample.csv...
2026-07-24 20:38:27,003 - preprocessing - INFO - Successfully loaded data. Shape: (20, 21)
2026-07-24 20:38:27,009 - preprocessing - INFO - Inspecting raw DataFrame statistics...
2026-07-24 20:38:27,018 - preprocessing - INFO - DataFrame inspection completed successfully.
2026-07-24 20:38:27,031 - preprocessing - INFO - Inspecting raw DataFrame statistics...
2026-07-24 20:38:27,035 - preprocessing - INFO - DataFrame inspection completed successfully.
2026-07-24 20:38:27,041 - preprocessing - INFO - Cleaning raw dataset...
2026-07-24 20:38:27,046 - preprocessing - INFO - Data cleaning completed successfully.
2026-07-24 20:38:27,058 - preprocessing - INFO - Cleaning raw dataset...
2026-07-24 20:38:27,066 - preprocessing - INFO - Data cleaning completed successfully.
2026-07-24 20:38:27,078 - preprocessing - INFO - Cleaning raw dataset...
2026-07-24 20:38:27,086 - preprocessing - INFO - Data cleaning completed successfully.
2026-07-24 20:38:27,099 - preprocessing - INFO - Cleaning raw dataset...
2026-07-24 20:38:27,107 - preprocessing - INFO - Data cleaning completed successfully.
2026-07-24 20:38:27,131 - preprocessing - INFO - Cleaning raw dataset...
2026-07-24 20:38:27,138 - preprocessing - INFO - Data cleaning completed successfully.
2026-07-24 20:38:27,139 - preprocessing - INFO - Splitting data with test_size=0.25, stratifying on 'Churn'...
2026-07-24 20:38:27,152 - preprocessing - INFO - Split complete. Train shape: (15, 19), Test shape: (5, 19)
2026-07-24 20:38:27,158 - preprocessing - INFO - Cleaning raw dataset...
2026-07-24 20:38:27,162 - preprocessing - INFO - Data cleaning completed successfully.
2026-07-24 20:38:27,162 - preprocessing - INFO - Splitting data with test_size=0.5, stratifying on 'Churn'...
2026-07-24 20:38:27,172 - preprocessing - INFO - Split complete. Train shape: (10, 19), Test shape: (10, 19)
2026-07-24 20:38:27,178 - preprocessing - INFO - Cleaning raw dataset...
2026-07-24 20:38:27,182 - preprocessing - INFO - Data cleaning completed successfully.
2026-07-24 20:38:27,182 - preprocessing - INFO - Splitting data with test_size=0.2, stratifying on 'Churn'...
2026-07-24 20:38:27,190 - preprocessing - INFO - Split complete. Train shape: (16, 19), Test shape: (4, 19)
2026-07-24 20:38:27,191 - preprocessing - INFO - Splitting data with test_size=0.2, stratifying on 'Churn'...
2026-07-24 20:38:27,200 - preprocessing - INFO - Split complete. Train shape: (16, 19), Test shape: (4, 19)
2026-07-24 20:38:27,216 - preprocessing - INFO - Cleaning raw dataset...
2026-07-24 20:38:27,220 - preprocessing - INFO - Data cleaning completed successfully.
2026-07-24 20:38:27,220 - preprocessing - INFO - Splitting data with test_size=0.25, stratifying on 'Churn'...
2026-07-24 20:38:27,227 - preprocessing - INFO - Split complete. Train shape: (15, 19), Test shape: (5, 19)
2026-07-24 20:38:27,228 - preprocessing - INFO - Initializing ColumnTransformer preprocessing pipeline...
2026-07-24 20:38:27,228 - preprocessing - INFO - Fitting and transforming training features...
2026-07-24 20:38:27,243 - preprocessing - INFO - Transforming testing features...
2026-07-24 20:38:27,253 - preprocessing - INFO - Preprocessing completed. Encoded features dimensionality: 5
2026-07-24 20:38:27,259 - preprocessing - INFO - Cleaning raw dataset...
2026-07-24 20:38:27,262 - preprocessing - INFO - Data cleaning completed successfully.
2026-07-24 20:38:27,262 - preprocessing - INFO - Splitting data with test_size=0.25, stratifying on 'Churn'...
2026-07-24 20:38:27,267 - preprocessing - INFO - Split complete. Train shape: (15, 19), Test shape: (5, 19)
2026-07-24 20:38:27,267 - preprocessing - INFO - Initializing ColumnTransformer preprocessing pipeline...
2026-07-24 20:38:27,268 - preprocessing - INFO - Fitting and transforming training features...
2026-07-24 20:38:27,282 - preprocessing - INFO - Transforming testing features...
2026-07-24 20:38:27,290 - preprocessing - INFO - Preprocessing completed. Encoded features dimensionality: 5
2026-07-24 20:38:27,297 - preprocessing - INFO - Cleaning raw dataset...
2026-07-24 20:38:27,301 - preprocessing - INFO - Data cleaning completed successfully.
2026-07-24 20:38:27,301 - preprocessing - INFO - Splitting data with test_size=0.25, stratifying on 'Churn'...
2026-07-24 20:38:27,309 - preprocessing - INFO - Split complete. Train shape: (15, 19), Test shape: (5, 19)
2026-07-24 20:38:27,309 - preprocessing - INFO - Initializing ColumnTransformer preprocessing pipeline...
2026-07-24 20:38:27,309 - preprocessing - INFO - Fitting and transforming training features...
2026-07-24 20:38:27,323 - preprocessing - INFO - Transforming testing features...
2026-07-24 20:38:27,331 - preprocessing - INFO - Preprocessing completed. Encoded features dimensionality: 5
2026-07-24 20:38:27,335 - preprocessing - INFO - Cleaning raw dataset...
2026-07-24 20:38:27,341 - preprocessing - INFO - Data cleaning completed successfully.
2026-07-24 20:38:27,341 - preprocessing - INFO - Splitting data with test_size=0.25, stratifying on 'Churn'...
2026-07-24 20:38:27,346 - preprocessing - INFO - Split complete. Train shape: (15, 19), Test shape: (5, 19)
2026-07-24 20:38:27,347 - preprocessing - INFO - Initializing ColumnTransformer preprocessing pipeline...
2026-07-24 20:38:27,347 - preprocessing - INFO - Fitting and transforming training features...
2026-07-24 20:38:27,359 - preprocessing - INFO - Transforming testing features...
2026-07-24 20:38:27,368 - preprocessing - INFO - Preprocessing completed. Encoded features dimensionality: 5
2026-07-24 20:38:27,374 - preprocessing - INFO - Cleaning raw dataset...
2026-07-24 20:38:27,377 - preprocessing - INFO - Data cleaning completed successfully.
2026-07-24 20:38:27,377 - preprocessing - INFO - Splitting data with test_size=0.25, stratifying on 'Churn'...
2026-07-24 20:38:27,382 - preprocessing - INFO - Split complete. Train shape: (15, 19), Test shape: (5, 19)
2026-07-24 20:38:27,383 - preprocessing - INFO - Initializing ColumnTransformer preprocessing pipeline...
2026-07-24 20:38:27,383 - preprocessing - INFO - Fitting and transforming training features...
2026-07-24 20:38:27,399 - preprocessing - INFO - Transforming testing features...
2026-07-24 20:38:27,408 - preprocessing - INFO - Preprocessing completed. Encoded features dimensionality: 5
2026-07-24 21:45:40,171 - preprocessing - INFO - Loading raw data from C:\Users\sisir\AppData\Local\Temp\pytest-of-Sisira\pytest-17\test_load_data_returns_datafra0\sample.csv...
2026-07-24 21:45:40,177 - preprocessing - INFO - Successfully loaded data. Shape: (20, 21)
2026-07-24 21:45:40,184 - preprocessing - INFO - Inspecting raw DataFrame statistics...
2026-07-24 21:45:40,190 - preprocessing - INFO - DataFrame inspection completed successfully.
2026-07-24 21:45:40,197 - preprocessing - INFO - Inspecting raw DataFrame statistics...
2026-07-24 21:45:40,202 - preprocessing - INFO - DataFrame inspection completed successfully.
2026-07-24 21:45:40,206 - preprocessing - INFO - Cleaning raw dataset...
2026-07-24 21:45:40,208 - preprocessing - INFO - Data cleaning completed successfully.
2026-07-24 21:45:40,215 - preprocessing - INFO - Cleaning raw dataset...
2026-07-24 21:45:40,217 - preprocessing - INFO - Data cleaning completed successfully.
2026-07-24 21:45:40,221 - preprocessing - INFO - Cleaning raw dataset...
2026-07-24 21:45:40,223 - preprocessing - INFO - Data cleaning completed successfully.
2026-07-24 21:45:40,227 - preprocessing - INFO - Cleaning raw dataset...
2026-07-24 21:45:40,229 - preprocessing - INFO - Data cleaning completed successfully.
2026-07-24 21:45:40,238 - preprocessing - INFO - Cleaning raw dataset...
2026-07-24 21:45:40,240 - preprocessing - INFO - Data cleaning completed successfully.
2026-07-24 21:45:40,240 - preprocessing - INFO - Splitting data with test_size=0.25, stratifying on 'Churn'...
2026-07-24 21:45:40,248 - preprocessing - INFO - Split complete. Train shape: (15, 19), Test shape: (5, 19)
2026-07-24 21:45:40,253 - preprocessing - INFO - Cleaning raw dataset...
2026-07-24 21:45:40,256 - preprocessing - INFO - Data cleaning completed successfully.
2026-07-24 21:45:40,256 - preprocessing - INFO - Splitting data with test_size=0.5, stratifying on 'Churn'...
2026-07-24 21:45:40,262 - preprocessing - INFO - Split complete. Train shape: (10, 19), Test shape: (10, 19)
2026-07-24 21:45:40,267 - preprocessing - INFO - Cleaning raw dataset...
2026-07-24 21:45:40,270 - preprocessing - INFO - Data cleaning completed successfully.
2026-07-24 21:45:40,270 - preprocessing - INFO - Splitting data with test_size=0.2, stratifying on 'Churn'...
2026-07-24 21:45:40,276 - preprocessing - INFO - Split complete. Train shape: (16, 19), Test shape: (4, 19)
2026-07-24 21:45:40,277 - preprocessing - INFO - Splitting data with test_size=0.2, stratifying on 'Churn'...
2026-07-24 21:45:40,282 - preprocessing - INFO - Split complete. Train shape: (16, 19), Test shape: (4, 19)
2026-07-24 21:45:40,298 - preprocessing - INFO - Cleaning raw dataset...
2026-07-24 21:45:40,300 - preprocessing - INFO - Data cleaning completed successfully.
2026-07-24 21:45:40,301 - preprocessing - INFO - Splitting data with test_size=0.25, stratifying on 'Churn'...
2026-07-24 21:45:40,309 - preprocessing - INFO - Split complete. Train shape: (15, 19), Test shape: (5, 19)
2026-07-24 21:45:40,309 - preprocessing - INFO - Initializing ColumnTransformer preprocessing pipeline...
2026-07-24 21:45:40,309 - preprocessing - INFO - Fitting and transforming training features...
2026-07-24 21:45:40,320 - preprocessing - INFO - Transforming testing features...
2026-07-24 21:45:40,355 - preprocessing - INFO - Preprocessing completed. Encoded features dimensionality: 5
2026-07-24 21:45:40,360 - preprocessing - INFO - Cleaning raw dataset...
2026-07-24 21:45:40,363 - preprocessing - INFO - Data cleaning completed successfully.
2026-07-24 21:45:40,364 - preprocessing - INFO - Splitting data with test_size=0.25, stratifying on 'Churn'...
2026-07-24 21:45:40,370 - preprocessing - INFO - Split complete. Train shape: (15, 19), Test shape: (5, 19)
2026-07-24 21:45:40,370 - preprocessing - INFO - Initializing ColumnTransformer preprocessing pipeline...
2026-07-24 21:45:40,370 - preprocessing - INFO - Fitting and transforming training features...
2026-07-24 21:45:40,382 - preprocessing - INFO - Transforming testing features...
2026-07-24 21:45:40,389 - preprocessing - INFO - Preprocessing completed. Encoded features dimensionality: 5
2026-07-24 21:45:40,394 - preprocessing - INFO - Cleaning raw dataset...
2026-07-24 21:45:40,397 - preprocessing - INFO - Data cleaning completed successfully.
2026-07-24 21:45:40,397 - preprocessing - INFO - Splitting data with test_size=0.25, stratifying on 'Churn'...
2026-07-24 21:45:40,403 - preprocessing - INFO - Split complete. Train shape: (15, 19), Test shape: (5, 19)
2026-07-24 21:45:40,403 - preprocessing - INFO - Initializing ColumnTransformer preprocessing pipeline...
2026-07-24 21:45:40,403 - preprocessing - INFO - Fitting and transforming training features...
2026-07-24 21:45:40,415 - preprocessing - INFO - Transforming testing features...
2026-07-24 21:45:40,423 - preprocessing - INFO - Preprocessing completed. Encoded features dimensionality: 5
2026-07-24 21:45:40,427 - preprocessing - INFO - Cleaning raw dataset...
2026-07-24 21:45:40,431 - preprocessing - INFO - Data cleaning completed successfully.
2026-07-24 21:45:40,431 - preprocessing - INFO - Splitting data with test_size=0.25, stratifying on 'Churn'...
2026-07-24 21:45:40,436 - preprocessing - INFO - Split complete. Train shape: (15, 19), Test shape: (5, 19)
2026-07-24 21:45:40,436 - preprocessing - INFO - Initializing ColumnTransformer preprocessing pipeline...
2026-07-24 21:45:40,436 - preprocessing - INFO - Fitting and transforming training features...
2026-07-24 21:45:40,447 - preprocessing - INFO - Transforming testing features...
2026-07-24 21:45:40,454 - preprocessing - INFO - Preprocessing completed. Encoded features dimensionality: 5
2026-07-24 21:45:40,458 - preprocessing - INFO - Cleaning raw dataset...
2026-07-24 21:45:40,461 - preprocessing - INFO - Data cleaning completed successfully.
2026-07-24 21:45:40,461 - preprocessing - INFO - Splitting data with test_size=0.25, stratifying on 'Churn'...
2026-07-24 21:45:40,466 - preprocessing - INFO - Split complete. Train shape: (15, 19), Test shape: (5, 19)
2026-07-24 21:45:40,467 - preprocessing - INFO - Initializing ColumnTransformer preprocessing pipeline...
2026-07-24 21:45:40,467 - preprocessing - INFO - Fitting and transforming training features...
2026-07-24 21:45:40,477 - preprocessing - INFO - Transforming testing features...
2026-07-24 21:45:40,487 - preprocessing - INFO - Preprocessing completed. Encoded features dimensionality: 5
2026-07-24 21:48:24,059 - preprocessing - INFO - Loading raw data from data/WA_Fn-UseC_-Telco-Customer-Churn.csv...
2026-07-24 21:48:24,154 - preprocessing - INFO - Successfully loaded data. Shape: (7043, 21)
2026-07-24 21:48:24,154 - preprocessing - INFO - Cleaning raw dataset...
2026-07-24 21:48:24,173 - preprocessing - INFO - Data cleaning completed successfully.
2026-07-25 11:33:51,030 - preprocessing - INFO - Loading raw data from data/WA_Fn-UseC_-Telco-Customer-Churn.csv...
2026-07-25 11:33:51,128 - preprocessing - INFO - Successfully loaded data. Shape: (7043, 21)
2026-07-25 11:33:51,129 - preprocessing - INFO - Cleaning raw dataset...
2026-07-25 11:33:51,155 - preprocessing - INFO - Data cleaning completed successfully.
2026-07-27 18:44:09,174 - preprocessing - INFO - Loading raw data from data/WA_Fn-UseC_-Telco-Customer-Churn.csv...
2026-07-27 18:44:09,471 - preprocessing - INFO - Successfully loaded data. Shape: (7043, 21)
2026-07-27 18:44:09,473 - preprocessing - INFO - Cleaning raw dataset...
2026-07-27 18:44:09,559 - preprocessing - INFO - Data cleaning completed successfully.
2026-07-28 18:13:57,829 - preprocessing - INFO - Loading raw data from data/WA_Fn-UseC_-Telco-Customer-Churn.csv...
2026-07-28 18:13:57,980 - preprocessing - INFO - Successfully loaded data. Shape: (7043, 21)
2026-07-28 18:13:57,981 - preprocessing - INFO - Cleaning raw dataset...
2026-07-28 18:13:58,052 - preprocessing - INFO - Data cleaning completed successfully.
2026-07-29 20:18:56,943 - preprocessing - INFO - Loading raw data from data/WA_Fn-UseC_-Telco-Customer-Churn.csv...
2026-07-29 20:18:57,118 - preprocessing - INFO - Successfully loaded data. Shape: (7043, 21)
2026-07-29 20:18:57,119 - preprocessing - INFO - Cleaning raw dataset...
2026-07-29 20:18:57,165 - preprocessing - INFO - Data cleaning completed successfully.
2026-07-29 22:07:33,769 - preprocessing - INFO - Loading raw data from data/WA_Fn-UseC_-Telco-Customer-Churn.csv...
2026-07-29 22:07:33,987 - preprocessing - INFO - Successfully loaded data. Shape: (7043, 21)
2026-07-29 22:07:33,988 - preprocessing - INFO - Cleaning raw dataset...
2026-07-29 22:07:34,085 - preprocessing - INFO - Data cleaning completed successfully.
2026-07-29 22:09:40,876 - preprocessing - INFO - Loading raw data from data/WA_Fn-UseC_-Telco-Customer-Churn.csv...
2026-07-29 22:09:41,025 - preprocessing - INFO - Successfully loaded data. Shape: (7043, 21)
2026-07-29 22:09:41,026 - preprocessing - INFO - Cleaning raw dataset...
2026-07-29 22:09:41,057 - preprocessing - INFO - Data cleaning completed successfully.
2026-07-29 22:12:38,043 - preprocessing - INFO - Loading raw data from data/WA_Fn-UseC_-Telco-Customer-Churn.csv...
2026-07-29 22:12:38,600 - preprocessing - INFO - Successfully loaded data. Shape: (7043, 21)
2026-07-29 22:12:38,617 - preprocessing - INFO - Cleaning raw dataset...
2026-07-29 22:12:38,810 - preprocessing - INFO - Data cleaning completed successfully.
2026-07-29 22:31:17,994 - preprocessing - INFO - Loading raw data from C:\Users\sisir\AppData\Local\Temp\pytest-of-Sisira\pytest-18\test_load_data_returns_datafra0\sample.csv...
2026-07-29 22:31:18,022 - preprocessing - INFO - Successfully loaded data. Shape: (20, 21)
2026-07-29 22:31:18,028 - preprocessing - INFO - Inspecting raw DataFrame statistics...
2026-07-29 22:31:18,049 - preprocessing - INFO - DataFrame inspection completed successfully.
2026-07-29 22:31:18,056 - preprocessing - INFO - Inspecting raw DataFrame statistics...
2026-07-29 22:31:18,063 - preprocessing - INFO - DataFrame inspection completed successfully.
2026-07-29 22:31:18,068 - preprocessing - INFO - Cleaning raw dataset...
2026-07-29 22:31:18,071 - preprocessing - INFO - Data cleaning completed successfully.
2026-07-29 22:31:18,075 - preprocessing - INFO - Cleaning raw dataset...
2026-07-29 22:31:18,080 - preprocessing - INFO - Data cleaning completed successfully.
2026-07-29 22:31:18,089 - preprocessing - INFO - Cleaning raw dataset...
2026-07-29 22:31:18,092 - preprocessing - INFO - Data cleaning completed successfully.
2026-07-29 22:31:18,102 - preprocessing - INFO - Cleaning raw dataset...
2026-07-29 22:31:18,106 - preprocessing - INFO - Data cleaning completed successfully.
2026-07-29 22:31:18,121 - preprocessing - INFO - Cleaning raw dataset...
2026-07-29 22:31:18,126 - preprocessing - INFO - Data cleaning completed successfully.
2026-07-29 22:31:18,127 - preprocessing - INFO - Splitting data with test_size=0.25, stratifying on 'Churn'...
2026-07-29 22:31:18,145 - preprocessing - INFO - Split complete. Train shape: (15, 19), Test shape: (5, 19)
2026-07-29 22:31:18,152 - preprocessing - INFO - Cleaning raw dataset...
2026-07-29 22:31:18,157 - preprocessing - INFO - Data cleaning completed successfully.
2026-07-29 22:31:18,158 - preprocessing - INFO - Splitting data with test_size=0.5, stratifying on 'Churn'...
2026-07-29 22:31:18,166 - preprocessing - INFO - Split complete. Train shape: (10, 19), Test shape: (10, 19)
2026-07-29 22:31:18,175 - preprocessing - INFO - Cleaning raw dataset...
2026-07-29 22:31:18,182 - preprocessing - INFO - Data cleaning completed successfully.
2026-07-29 22:31:18,182 - preprocessing - INFO - Splitting data with test_size=0.2, stratifying on 'Churn'...
2026-07-29 22:31:18,190 - preprocessing - INFO - Split complete. Train shape: (16, 19), Test shape: (4, 19)
2026-07-29 22:31:18,190 - preprocessing - INFO - Splitting data with test_size=0.2, stratifying on 'Churn'...
2026-07-29 22:31:18,202 - preprocessing - INFO - Split complete. Train shape: (16, 19), Test shape: (4, 19)
2026-07-29 22:31:18,230 - preprocessing - INFO - Cleaning raw dataset...
2026-07-29 22:31:18,234 - preprocessing - INFO - Data cleaning completed successfully.
2026-07-29 22:31:18,235 - preprocessing - INFO - Splitting data with test_size=0.25, stratifying on 'Churn'...
2026-07-29 22:31:18,244 - preprocessing - INFO - Split complete. Train shape: (15, 19), Test shape: (5, 19)
2026-07-29 22:31:18,245 - preprocessing - INFO - Initializing ColumnTransformer preprocessing pipeline...
2026-07-29 22:31:18,245 - preprocessing - INFO - Fitting and transforming training features...
2026-07-29 22:31:18,262 - preprocessing - INFO - Transforming testing features...
2026-07-29 22:31:18,273 - preprocessing - INFO - Preprocessing completed. Encoded features dimensionality: 5
2026-07-29 22:31:18,278 - preprocessing - INFO - Cleaning raw dataset...
2026-07-29 22:31:18,281 - preprocessing - INFO - Data cleaning completed successfully.
2026-07-29 22:31:18,281 - preprocessing - INFO - Splitting data with test_size=0.25, stratifying on 'Churn'...
2026-07-29 22:31:18,290 - preprocessing - INFO - Split complete. Train shape: (15, 19), Test shape: (5, 19)
2026-07-29 22:31:18,290 - preprocessing - INFO - Initializing ColumnTransformer preprocessing pipeline...
2026-07-29 22:31:18,290 - preprocessing - INFO - Fitting and transforming training features...
2026-07-29 22:31:18,305 - preprocessing - INFO - Transforming testing features...
2026-07-29 22:31:18,313 - preprocessing - INFO - Preprocessing completed. Encoded features dimensionality: 5
2026-07-29 22:31:18,319 - preprocessing - INFO - Cleaning raw dataset...
2026-07-29 22:31:18,321 - preprocessing - INFO - Data cleaning completed successfully.
2026-07-29 22:31:18,321 - preprocessing - INFO - Splitting data with test_size=0.25, stratifying on 'Churn'...
2026-07-29 22:31:18,329 - preprocessing - INFO - Split complete. Train shape: (15, 19), Test shape: (5, 19)
2026-07-29 22:31:18,329 - preprocessing - INFO - Initializing ColumnTransformer preprocessing pipeline...
2026-07-29 22:31:18,330 - preprocessing - INFO - Fitting and transforming training features...
2026-07-29 22:31:18,343 - preprocessing - INFO - Transforming testing features...
2026-07-29 22:31:18,355 - preprocessing - INFO - Preprocessing completed. Encoded features dimensionality: 5
2026-07-29 22:31:18,360 - preprocessing - INFO - Cleaning raw dataset...
2026-07-29 22:31:18,364 - preprocessing - INFO - Data cleaning completed successfully.
2026-07-29 22:31:18,365 - preprocessing - INFO - Splitting data with test_size=0.25, stratifying on 'Churn'...
2026-07-29 22:31:18,373 - preprocessing - INFO - Split complete. Train shape: (15, 19), Test shape: (5, 19)
2026-07-29 22:31:18,374 - preprocessing - INFO - Initializing ColumnTransformer preprocessing pipeline...
2026-07-29 22:31:18,374 - preprocessing - INFO - Fitting and transforming training features...
2026-07-29 22:31:18,397 - preprocessing - INFO - Transforming testing features...
2026-07-29 22:31:18,417 - preprocessing - INFO - Preprocessing completed. Encoded features dimensionality: 5
2026-07-29 22:31:18,422 - preprocessing - INFO - Cleaning raw dataset...
2026-07-29 22:31:18,428 - preprocessing - INFO - Data cleaning completed successfully.
2026-07-29 22:31:18,428 - preprocessing - INFO - Splitting data with test_size=0.25, stratifying on 'Churn'...
2026-07-29 22:31:18,438 - preprocessing - INFO - Split complete. Train shape: (15, 19), Test shape: (5, 19)
2026-07-29 22:31:18,440 - preprocessing - INFO - Initializing ColumnTransformer preprocessing pipeline...
2026-07-29 22:31:18,440 - preprocessing - INFO - Fitting and transforming training features...
2026-07-29 22:31:18,453 - preprocessing - INFO - Transforming testing features...
2026-07-29 22:31:18,462 - preprocessing - INFO - Preprocessing completed. Encoded features dimensionality: 5
2026-07-29 22:32:03,553 - preprocessing - INFO - Loading raw data from C:\Users\sisir\AppData\Local\Temp\pytest-of-Sisira\pytest-19\test_load_data_returns_datafra0\sample.csv...
2026-07-29 22:32:03,562 - preprocessing - INFO - Successfully loaded data. Shape: (20, 21)
2026-07-29 22:32:03,568 - preprocessing - INFO - Inspecting raw DataFrame statistics...
2026-07-29 22:32:03,575 - preprocessing - INFO - DataFrame inspection completed successfully.
2026-07-29 22:32:03,584 - preprocessing - INFO - Inspecting raw DataFrame statistics...
2026-07-29 22:32:03,590 - preprocessing - INFO - DataFrame inspection completed successfully.
2026-07-29 22:32:03,599 - preprocessing - INFO - Cleaning raw dataset...
2026-07-29 22:32:03,603 - preprocessing - INFO - Data cleaning completed successfully.
2026-07-29 22:32:03,607 - preprocessing - INFO - Cleaning raw dataset...
2026-07-29 22:32:03,609 - preprocessing - INFO - Data cleaning completed successfully.
2026-07-29 22:32:03,614 - preprocessing - INFO - Cleaning raw dataset...
2026-07-29 22:32:03,617 - preprocessing - INFO - Data cleaning completed successfully.
2026-07-29 22:32:03,630 - preprocessing - INFO - Cleaning raw dataset...
2026-07-29 22:32:03,643 - preprocessing - INFO - Data cleaning completed successfully.
2026-07-29 22:32:03,659 - preprocessing - INFO - Cleaning raw dataset...
2026-07-29 22:32:03,665 - preprocessing - INFO - Data cleaning completed successfully.
2026-07-29 22:32:03,666 - preprocessing - INFO - Splitting data with test_size=0.25, stratifying on 'Churn'...
2026-07-29 22:32:03,702 - preprocessing - INFO - Split complete. Train shape: (15, 19), Test shape: (5, 19)
2026-07-29 22:32:03,710 - preprocessing - INFO - Cleaning raw dataset...
2026-07-29 22:32:03,716 - preprocessing - INFO - Data cleaning completed successfully.
2026-07-29 22:32:03,717 - preprocessing - INFO - Splitting data with test_size=0.5, stratifying on 'Churn'...
2026-07-29 22:32:03,726 - preprocessing - INFO - Split complete. Train shape: (10, 19), Test shape: (10, 19)
2026-07-29 22:32:03,733 - preprocessing - INFO - Cleaning raw dataset...
2026-07-29 22:32:03,736 - preprocessing - INFO - Data cleaning completed successfully.
2026-07-29 22:32:03,736 - preprocessing - INFO - Splitting data with test_size=0.2, stratifying on 'Churn'...
2026-07-29 22:32:03,742 - preprocessing - INFO - Split complete. Train shape: (16, 19), Test shape: (4, 19)
2026-07-29 22:32:03,742 - preprocessing - INFO - Splitting data with test_size=0.2, stratifying on 'Churn'...
2026-07-29 22:32:03,753 - preprocessing - INFO - Split complete. Train shape: (16, 19), Test shape: (4, 19)
2026-07-29 22:32:03,773 - preprocessing - INFO - Cleaning raw dataset...
2026-07-29 22:32:03,776 - preprocessing - INFO - Data cleaning completed successfully.
2026-07-29 22:32:03,777 - preprocessing - INFO - Splitting data with test_size=0.25, stratifying on 'Churn'...
2026-07-29 22:32:03,784 - preprocessing - INFO - Split complete. Train shape: (15, 19), Test shape: (5, 19)
2026-07-29 22:32:03,785 - preprocessing - INFO - Initializing ColumnTransformer preprocessing pipeline...
2026-07-29 22:32:03,785 - preprocessing - INFO - Fitting and transforming training features...
2026-07-29 22:32:03,798 - preprocessing - INFO - Transforming testing features...
2026-07-29 22:32:03,862 - preprocessing - INFO - Preprocessing completed. Encoded features dimensionality: 5
2026-07-29 22:32:03,871 - preprocessing - INFO - Cleaning raw dataset...
2026-07-29 22:32:03,877 - preprocessing - INFO - Data cleaning completed successfully.
2026-07-29 22:32:03,878 - preprocessing - INFO - Splitting data with test_size=0.25, stratifying on 'Churn'...
2026-07-29 22:32:03,886 - preprocessing - INFO - Split complete. Train shape: (15, 19), Test shape: (5, 19)
2026-07-29 22:32:03,887 - preprocessing - INFO - Initializing ColumnTransformer preprocessing pipeline...
2026-07-29 22:32:03,887 - preprocessing - INFO - Fitting and transforming training features...
2026-07-29 22:32:03,903 - preprocessing - INFO - Transforming testing features...
2026-07-29 22:32:03,913 - preprocessing - INFO - Preprocessing completed. Encoded features dimensionality: 5
2026-07-29 22:32:03,919 - preprocessing - INFO - Cleaning raw dataset...
2026-07-29 22:32:03,923 - preprocessing - INFO - Data cleaning completed successfully.
2026-07-29 22:32:03,923 - preprocessing - INFO - Splitting data with test_size=0.25, stratifying on 'Churn'...
2026-07-29 22:32:03,931 - preprocessing - INFO - Split complete. Train shape: (15, 19), Test shape: (5, 19)
2026-07-29 22:32:03,931 - preprocessing - INFO - Initializing ColumnTransformer preprocessing pipeline...
2026-07-29 22:32:03,931 - preprocessing - INFO - Fitting and transforming training features...
2026-07-29 22:32:03,946 - preprocessing - INFO - Transforming testing features...
2026-07-29 22:32:03,954 - preprocessing - INFO - Preprocessing completed. Encoded features dimensionality: 5
2026-07-29 22:32:03,960 - preprocessing - INFO - Cleaning raw dataset...
2026-07-29 22:32:03,965 - preprocessing - INFO - Data cleaning completed successfully.
2026-07-29 22:32:03,965 - preprocessing - INFO - Splitting data with test_size=0.25, stratifying on 'Churn'...
2026-07-29 22:32:03,971 - preprocessing - INFO - Split complete. Train shape: (15, 19), Test shape: (5, 19)
2026-07-29 22:32:03,971 - preprocessing - INFO - Initializing ColumnTransformer preprocessing pipeline...
2026-07-29 22:32:03,972 - preprocessing - INFO - Fitting and transforming training features...
2026-07-29 22:32:03,983 - preprocessing - INFO - Transforming testing features...
2026-07-29 22:32:03,993 - preprocessing - INFO - Preprocessing completed. Encoded features dimensionality: 5
2026-07-29 22:32:03,999 - preprocessing - INFO - Cleaning raw dataset...
2026-07-29 22:32:04,002 - preprocessing - INFO - Data cleaning completed successfully.
2026-07-29 22:32:04,003 - preprocessing - INFO - Splitting data with test_size=0.25, stratifying on 'Churn'...
2026-07-29 22:32:04,010 - preprocessing - INFO - Split complete. Train shape: (15, 19), Test shape: (5, 19)
2026-07-29 22:32:04,011 - preprocessing - INFO - Initializing ColumnTransformer preprocessing pipeline...
2026-07-29 22:32:04,012 - preprocessing - INFO - Fitting and transforming training features...
2026-07-29 22:32:04,025 - preprocessing - INFO - Transforming testing features...
2026-07-29 22:32:04,037 - preprocessing - INFO - Preprocessing completed. Encoded features dimensionality: 5
2026-07-29 22:33:39,342 - preprocessing - INFO - Loading raw data from C:\Users\sisir\AppData\Local\Temp\pytest-of-Sisira\pytest-20\test_load_data_returns_datafra0\sample.csv...
2026-07-29 22:33:39,349 - preprocessing - INFO - Successfully loaded data. Shape: (20, 21)
2026-07-29 22:33:39,356 - preprocessing - INFO - Inspecting raw DataFrame statistics...
2026-07-29 22:33:39,364 - preprocessing - INFO - DataFrame inspection completed successfully.
2026-07-29 22:33:39,370 - preprocessing - INFO - Inspecting raw DataFrame statistics...
2026-07-29 22:33:39,377 - preprocessing - INFO - DataFrame inspection completed successfully.
2026-07-29 22:33:39,382 - preprocessing - INFO - Cleaning raw dataset...
2026-07-29 22:33:39,385 - preprocessing - INFO - Data cleaning completed successfully.
2026-07-29 22:33:39,391 - preprocessing - INFO - Cleaning raw dataset...
2026-07-29 22:33:39,396 - preprocessing - INFO - Data cleaning completed successfully.
2026-07-29 22:33:39,403 - preprocessing - INFO - Cleaning raw dataset...
2026-07-29 22:33:39,407 - preprocessing - INFO - Data cleaning completed successfully.
2026-07-29 22:33:39,412 - preprocessing - INFO - Cleaning raw dataset...
2026-07-29 22:33:39,417 - preprocessing - INFO - Data cleaning completed successfully.
2026-07-29 22:33:39,431 - preprocessing - INFO - Cleaning raw dataset...
2026-07-29 22:33:39,435 - preprocessing - INFO - Data cleaning completed successfully.
2026-07-29 22:33:39,436 - preprocessing - INFO - Splitting data with test_size=0.25, stratifying on 'Churn'...
2026-07-29 22:33:39,442 - preprocessing - INFO - Split complete. Train shape: (15, 19), Test shape: (5, 19)
2026-07-29 22:33:39,448 - preprocessing - INFO - Cleaning raw dataset...
2026-07-29 22:33:39,451 - preprocessing - INFO - Data cleaning completed successfully.
2026-07-29 22:33:39,451 - preprocessing - INFO - Splitting data with test_size=0.5, stratifying on 'Churn'...
2026-07-29 22:33:39,458 - preprocessing - INFO - Split complete. Train shape: (10, 19), Test shape: (10, 19)
2026-07-29 22:33:39,465 - preprocessing - INFO - Cleaning raw dataset...
2026-07-29 22:33:39,468 - preprocessing - INFO - Data cleaning completed successfully.
2026-07-29 22:33:39,468 - preprocessing - INFO - Splitting data with test_size=0.2, stratifying on 'Churn'...
2026-07-29 22:33:39,474 - preprocessing - INFO - Split complete. Train shape: (16, 19), Test shape: (4, 19)
2026-07-29 22:33:39,474 - preprocessing - INFO - Splitting data with test_size=0.2, stratifying on 'Churn'...
2026-07-29 22:33:39,482 - preprocessing - INFO - Split complete. Train shape: (16, 19), Test shape: (4, 19)
2026-07-29 22:33:39,507 - preprocessing - INFO - Cleaning raw dataset...
2026-07-29 22:33:39,510 - preprocessing - INFO - Data cleaning completed successfully.
2026-07-29 22:33:39,510 - preprocessing - INFO - Splitting data with test_size=0.25, stratifying on 'Churn'...
2026-07-29 22:33:39,515 - preprocessing - INFO - Split complete. Train shape: (15, 19), Test shape: (5, 19)
2026-07-29 22:33:39,516 - preprocessing - INFO - Initializing ColumnTransformer preprocessing pipeline...
2026-07-29 22:33:39,516 - preprocessing - INFO - Fitting and transforming training features...
2026-07-29 22:33:39,546 - preprocessing - INFO - Transforming testing features...
2026-07-29 22:33:39,557 - preprocessing - INFO - Preprocessing completed. Encoded features dimensionality: 5
2026-07-29 22:33:39,569 - preprocessing - INFO - Cleaning raw dataset...
2026-07-29 22:33:39,582 - preprocessing - INFO - Data cleaning completed successfully.
2026-07-29 22:33:39,583 - preprocessing - INFO - Splitting data with test_size=0.25, stratifying on 'Churn'...
2026-07-29 22:33:39,595 - preprocessing - INFO - Split complete. Train shape: (15, 19), Test shape: (5, 19)
2026-07-29 22:33:39,596 - preprocessing - INFO - Initializing ColumnTransformer preprocessing pipeline...
2026-07-29 22:33:39,596 - preprocessing - INFO - Fitting and transforming training features...
2026-07-29 22:33:39,618 - preprocessing - INFO - Transforming testing features...
2026-07-29 22:33:39,628 - preprocessing - INFO - Preprocessing completed. Encoded features dimensionality: 5
2026-07-29 22:33:39,634 - preprocessing - INFO - Cleaning raw dataset...
2026-07-29 22:33:39,638 - preprocessing - INFO - Data cleaning completed successfully.
2026-07-29 22:33:39,638 - preprocessing - INFO - Splitting data with test_size=0.25, stratifying on 'Churn'...
2026-07-29 22:33:39,649 - preprocessing - INFO - Split complete. Train shape: (15, 19), Test shape: (5, 19)
2026-07-29 22:33:39,649 - preprocessing - INFO - Initializing ColumnTransformer preprocessing pipeline...
2026-07-29 22:33:39,649 - preprocessing - INFO - Fitting and transforming training features...
2026-07-29 22:33:39,665 - preprocessing - INFO - Transforming testing features...
2026-07-29 22:33:39,678 - preprocessing - INFO - Preprocessing completed. Encoded features dimensionality: 5
2026-07-29 22:33:39,683 - preprocessing - INFO - Cleaning raw dataset...
2026-07-29 22:33:39,687 - preprocessing - INFO - Data cleaning completed successfully.
2026-07-29 22:33:39,687 - preprocessing - INFO - Splitting data with test_size=0.25, stratifying on 'Churn'...
2026-07-29 22:33:39,693 - preprocessing - INFO - Split complete. Train shape: (15, 19), Test shape: (5, 19)
2026-07-29 22:33:39,693 - preprocessing - INFO - Initializing ColumnTransformer preprocessing pipeline...
2026-07-29 22:33:39,693 - preprocessing - INFO - Fitting and transforming training features...
2026-07-29 22:33:39,709 - preprocessing - INFO - Transforming testing features...
2026-07-29 22:33:39,719 - preprocessing - INFO - Preprocessing completed. Encoded features dimensionality: 5
2026-07-29 22:33:39,725 - preprocessing - INFO - Cleaning raw dataset...
2026-07-29 22:33:39,729 - preprocessing - INFO - Data cleaning completed successfully.
2026-07-29 22:33:39,729 - preprocessing - INFO - Splitting data with test_size=0.25, stratifying on 'Churn'...
2026-07-29 22:33:39,735 - preprocessing - INFO - Split complete. Train shape: (15, 19), Test shape: (5, 19)
2026-07-29 22:33:39,736 - preprocessing - INFO - Initializing ColumnTransformer preprocessing pipeline...
2026-07-29 22:33:39,737 - preprocessing - INFO - Fitting and transforming training features...
2026-07-29 22:33:39,752 - preprocessing - INFO - Transforming testing features...
2026-07-29 22:33:39,764 - preprocessing - INFO - Preprocessing completed. Encoded features dimensionality: 5
2026-07-29 22:38:41,445 - preprocessing - INFO - Loading raw data from data/WA_Fn-UseC_-Telco-Customer-Churn.csv...
2026-07-29 22:38:41,543 - preprocessing - INFO - Successfully loaded data. Shape: (7043, 21)
2026-07-29 22:38:41,544 - preprocessing - INFO - Cleaning raw dataset...
2026-07-29 22:38:41,570 - preprocessing - INFO - Data cleaning completed successfully.
2026-07-30 19:15:12,159 - preprocessing - INFO - Loading raw data from data/WA_Fn-UseC_-Telco-Customer-Churn.csv...
2026-07-30 19:15:12,295 - preprocessing - INFO - Successfully loaded data. Shape: (7043, 21)
2026-07-30 19:15:12,295 - preprocessing - INFO - Cleaning raw dataset...
2026-07-30 19:15:12,324 - preprocessing - INFO - Data cleaning completed successfully.
2026-07-30 19:32:31,379 - preprocessing - INFO - Loading raw data from data/WA_Fn-UseC_-Telco-Customer-Churn.csv...
2026-07-30 19:32:31,483 - preprocessing - INFO - Successfully loaded data. Shape: (7043, 21)
2026-07-30 19:32:31,484 - preprocessing - INFO - Cleaning raw dataset...
2026-07-30 19:32:31,508 - preprocessing - INFO - Data cleaning completed successfully.
2026-07-30 19:43:37,603 - preprocessing - INFO - Loading raw data from data/WA_Fn-UseC_-Telco-Customer-Churn.csv...
2026-07-30 19:43:37,702 - preprocessing - INFO - Successfully loaded data. Shape: (7043, 21)
2026-07-30 19:43:37,703 - preprocessing - INFO - Cleaning raw dataset...
2026-07-30 19:43:37,724 - preprocessing - INFO - Data cleaning completed successfully.
2026-07-30 19:53:55,928 - preprocessing - INFO - Loading raw data from data/WA_Fn-UseC_-Telco-Customer-Churn.csv...
2026-07-30 19:53:56,046 - preprocessing - INFO - Successfully loaded data. Shape: (7043, 21)
2026-07-30 19:53:56,048 - preprocessing - INFO - Cleaning raw dataset...
2026-07-30 19:53:56,072 - preprocessing - INFO - Data cleaning completed successfully.
2026-07-30 20:07:47,195 - preprocessing - INFO - Loading raw data from data/WA_Fn-UseC_-Telco-Customer-Churn.csv...
2026-07-30 20:07:47,312 - preprocessing - INFO - Successfully loaded data. Shape: (7043, 21)
2026-07-30 20:07:47,312 - preprocessing - INFO - Cleaning raw dataset...
2026-07-30 20:07:47,340 - preprocessing - INFO - Data cleaning completed successfully.
2026-07-30 20:17:37,346 - preprocessing - INFO - Loading raw data from data/WA_Fn-UseC_-Telco-Customer-Churn.csv...
2026-07-30 20:17:37,448 - preprocessing - INFO - Successfully loaded data. Shape: (7043, 21)
2026-07-30 20:17:37,451 - preprocessing - INFO - Cleaning raw dataset...
2026-07-30 20:17:37,471 - preprocessing - INFO - Data cleaning completed successfully.
2026-07-30 20:27:19,492 - preprocessing - INFO - Loading raw data from data/WA_Fn-UseC_-Telco-Customer-Churn.csv...
2026-07-30 20:27:19,599 - preprocessing - INFO - Successfully loaded data. Shape: (7043, 21)
2026-07-30 20:27:19,599 - preprocessing - INFO - Cleaning raw dataset...
2026-07-30 20:27:19,620 - preprocessing - INFO - Data cleaning completed successfully.
2026-07-30 21:34:28,646 - preprocessing - INFO - Loading raw data from data/WA_Fn-UseC_-Telco-Customer-Churn.csv...
2026-07-30 21:34:28,740 - preprocessing - INFO - Successfully loaded data. Shape: (7043, 21)
2026-07-30 21:34:28,741 - preprocessing - INFO - Cleaning raw dataset...
2026-07-30 21:34:28,770 - preprocessing - INFO - Data cleaning completed successfully.
